Sample ID,Species,Vial,Reef,Site,DateCollect,catBleaching,Depth,DHW,GPS south,GPS east,Exposure,Aspect,Morphotype,,
Plate1_E010,Unknown,P ver 374,Bougainville,Bougainville 1,10/3/20,4,4.19,10,15.49273,147.08638,Sheltered,N,M3,,
Plate2_A012,Pmeandrina,P ver 372,Bougainville,Bougainville 1,10/3/20,5,12.90,10,15.49273,147.08638,Sheltered,N,M1,,
Plate2_B012,Pmeandrina,P ver 373,Bougainville,Bougainville 1,10/3/20,5,8.39,10,15.49273,147.08638,Sheltered,N,M3,,
Plate2_C012,Unknown,P ver 375,Bougainville,Bougainville 1,10/3/20,1,3.87,10,15.49273,147.08638,Sheltered,N,M2,,
Plate2_H011,Pmeandrina,P ver 371,Bougainville,Bougainville 1,10/3/20,6,10.00,10,15.49273,147.08638,Sheltered,N,M3,,
Plate3_A012,Pverrucosa,P ver 369,Bougainville,Bougainville 1,10/3/20,5,11.61,10,15.49273,147.08638,Sheltered,N,M3,,
Plate3_B012,Unknown,P ver 370,Bougainville,Bougainville 1,10/3/20,2,9.03,10,15.49273,147.08638,Sheltered,N,M2,,
Plate3_G011,Pverrucosa,P ver 366,Bougainville,Bougainville 1,10/3/20,4,9.35,10,15.49273,147.08638,Sheltered,N,M2,,
Plate3_H011,Pverrucosa,P ver 368,Bougainville,Bougainville 1,10/3/20,5,8.71,10,15.49273,147.08638,Sheltered,N,M2,,
Plate4_B009,Pmeandrina,P ver 367,Bougainville,Bougainville 1,10/3/20,1,8.39,10,15.49273,147.08638,Sheltered,N,M3,,
Plate7_D008,Ahumilis,A ten 275,Bougainville,Bougainville 1,10/3/20,2,11.0,10,15.49273,147.08638,Sheltered,N,,,
Plate7_E008,Ahumilis,A ten 276,Bougainville,Bougainville 1,10/3/20,3,8.4,10,15.49273,147.08638,Sheltered,N,,,
Plate7_F008,Ahumilis,A ten 277,Bougainville,Bougainville 1,10/3/20,2,9.0,10,15.49273,147.08638,Sheltered,N,,,
Plate7_G008,Ahumilis,A ten 278,Bougainville,Bougainville 1,10/3/20,1,12.3,10,15.49273,147.08638,Sheltered,N,,,
Plate1_A010,Pmeandrina,P ver 347,Bougainville,Bougainville 4,10/3/20,4,9.03,10,15.50667,147.11234,Semi-exposed,SW,M3,,
Plate1_B010,Pverrucosa,P ver 348,Bougainville,Bougainville 4,10/3/20,2,8.71,10,15.50667,147.11234,Semi-exposed,SW,M2,,
Plate1_C010,Pverrucosa,P ver 350,Bougainville,Bougainville 4,10/3/20,5,9.68,10,15.50667,147.11234,Semi-exposed,SW,M3,,
Plate1_D010,Unknown,P ver 351,Bougainville,Bougainville 4,10/3/20,3,9.35,10,15.50667,147.11234,Semi-exposed,SW,M3,,
Plate2_D011,Unknown,P ver 349,Bougainville,Bougainville 4,10/3/20,5,8.71,10,15.50667,147.11234,Semi-exposed,SW,M3,,
Plate2_E011,Pverrucosa,P ver 352,Bougainville,Bougainville 4,10/3/20,1,10.32,10,15.50667,147.11234,Semi-exposed,SW,M3,,
Plate2_F011,Pverrucosa,P ver 354,Bougainville,Bougainville 4,10/3/20,3,7.10,10,15.50667,147.11234,Semi-exposed,SW,M3,,
Plate2_G011,Pmeandrina,P ver 358,Bougainville,Bougainville 4,10/3/20,3,8.71,10,15.50667,147.11234,Semi-exposed,SW,M3,,
Plate3_B011,Unknown,P ver 355,Bougainville,Bougainville 4,10/3/20,2,7.10,10,15.50667,147.11234,Semi-exposed,SW,M2,,
Plate3_C011,Unknown,P ver 356,Bougainville,Bougainville 4,10/3/20,4,6.77,10,15.50667,147.11234,Semi-exposed,SW,M3,,
Plate3_D011,Pverrucosa,P ver 363,Bougainville,Bougainville 4,10/3/20,4,11.29,10,15.50667,147.11234,Semi-exposed,SW,M3,,
Plate3_E011,Pverrucosa,P ver 364,Bougainville,Bougainville 4,10/3/20,6,9.03,10,15.50667,147.11234,Semi-exposed,SW,M3,,
Plate3_F011,Pverrucosa,P ver 365,Bougainville,Bougainville 4,10/3/20,1,9.68,10,15.50667,147.11234,Semi-exposed,SW,M3,,
Plate4_A009,Pverrucosa,P ver 362,Bougainville,Bougainville 4,10/3/20,5,13.23,10,15.50667,147.11234,Semi-exposed,SW,M3,,
Plate4_D008,Unknown,P ver 353,Bougainville,Bougainville 4,10/3/20,2,9.03,10,15.50667,147.11234,Semi-exposed,SW,M3,,
Plate4_E008,Unknown,P ver 357,Bougainville,Bougainville 4,10/3/20,4,8.39,10,15.50667,147.11234,Semi-exposed,SW,M3,,
Plate4_F008,Pverrucosa,P ver 359,Bougainville,Bougainville 4,10/3/20,1,10.97,10,15.50667,147.11234,Semi-exposed,SW,M2,,
Plate4_G008,Pverrucosa,P ver 360,Bougainville,Bougainville 4,10/3/20,4,11.29,10,15.50667,147.11234,Semi-exposed,SW,M2,,
Plate4_H008,Pmeandrina,P ver 361,Bougainville,Bougainville 4,10/3/20,3,16.45,10,15.50667,147.11234,Semi-exposed,SW,M3,,
Plate5_A012,Ahumilis,A ten 274,Bougainville,Bougainville 4,10/3/20,2,9.0,10,15.50667,147.11234,Semi-exposed,SW,,,
Plate5_G011,Ahumilis,A ten 271,Bougainville,Bougainville 4,10/3/20,1,5.2,10,15.50667,147.11234,Semi-exposed,SW,,,
Plate5_H011,Ahumilis,A ten 273,Bougainville,Bougainville 4,10/3/20,4,15.8,10,15.50667,147.11234,Semi-exposed,SW,,,
Plate6_C011,Ahumilis,A ten 272,Bougainville,Bougainville 4,10/3/20,4,13.9,10,15.50667,147.11234,Semi-exposed,SW,,,
Plate7_C008,Ahumilis,A ten 270,Bougainville,Bougainville 4,10/3/20,3,7.4,10,15.50667,147.11234,Semi-exposed,SW,,,
Plate1_A011,Pverrucosa,P ver 383,Bougainville,Bougainville 5,10/3/20,3,8.06,10,15.50083,147.09891,Semi-exposed,SW,M2,,
Plate1_B011,Pverrucosa,P ver 384,Bougainville,Bougainville 5,10/3/20,1,8.06,10,15.50083,147.09891,Semi-exposed,SW,M2,,
Plate1_F010,Pmeandrina,P ver 376,Bougainville,Bougainville 5,10/3/20,5,7.74,10,15.50083,147.09891,Semi-exposed,SW,M3,,
Plate1_G010,Pverrucosa,P ver 379,Bougainville,Bougainville 5,10/3/20,5,9.35,10,15.50083,147.09891,Semi-exposed,SW,M3,,
Plate1_H010,Pmeandrina,P ver 381,Bougainville,Bougainville 5,10/3/20,5,8.71,10,15.50083,147.09891,Semi-exposed,SW,M1,,
Plate2_D012,Pverrucosa,P ver 380,Bougainville,Bougainville 5,10/3/20,4,13.55,10,15.50083,147.09891,Semi-exposed,SW,M4,,
Plate2_E012,Pmeandrina,P ver 382,Bougainville,Bougainville 5,10/3/20,5,6.45,10,15.50083,147.09891,Semi-exposed,SW,M3,,
Plate3_C012,Unknown,P ver 377,Bougainville,Bougainville 5,10/3/20,4,9.35,10,15.50083,147.09891,Semi-exposed,SW,M1,,
Plate3_D012,Pverrucosa,P ver 378,Bougainville,Bougainville 5,10/3/20,2,11.61,10,15.50083,147.09891,Semi-exposed,SW,M1,,
Plate5_B012,Ahumilis,A ten 280,Bougainville,Bougainville 5,10/3/20,3,15.2,10,15.50083,147.09891,Semi-exposed,SW,,,
Plate5_C012,Ahumilis,A ten 285,Bougainville,Bougainville 5,10/3/20,1,11.6,10,15.50083,147.09891,Semi-exposed,SW,,,
Plate5_D012,Ahumilis,A ten 287,Bougainville,Bougainville 5,10/3/20,3,12.9,10,15.50083,147.09891,Semi-exposed,SW,,,
Plate6_D011,Ahumilis,A ten 279,Bougainville,Bougainville 5,10/3/20,3,12.3,10,15.50083,147.09891,Semi-exposed,SW,,,
Plate6_E011,Ahumilis,A ten 284,Bougainville,Bougainville 5,10/3/20,1,10.0,10,15.50083,147.09891,Semi-exposed,SW,,,
Plate6_F011,Ahumilis,A ten 288,Bougainville,Bougainville 5,10/3/20,2,7.7,10,15.50083,147.09891,Semi-exposed,SW,,,
Plate6_G011,Ahumilis,A ten 290,Bougainville,Bougainville 5,10/3/20,4,11.3,10,15.50083,147.09891,Semi-exposed,SW,,,
Plate7_A009,Ahumilis,A ten 282,Bougainville,Bougainville 5,10/3/20,1,9.4,10,15.50083,147.09891,Semi-exposed,SW,,,
Plate7_B009,Ahumilis,A ten 283,Bougainville,Bougainville 5,10/3/20,5,10.6,10,15.50083,147.09891,Semi-exposed,SW,,,
Plate7_C009,Ahumilis,A ten 286,Bougainville,Bougainville 5,10/3/20,2,10.0,10,15.50083,147.09891,Semi-exposed,SW,,,
Plate7_D009,Ahumilis,A ten 289,Bougainville,Bougainville 5,10/3/20,3,7.4,10,15.50083,147.09891,Semi-exposed,SW,,,
Plate7_E009,Ahumilis,A ten 291,Bougainville,Bougainville 5,10/3/20,2,11.0,10,15.50083,147.09891,Semi-exposed,SW,,,
Plate7_H008,Ahumilis,A ten 281,Bougainville,Bougainville 5,10/3/20,2,12.9,10,15.50083,147.09891,Semi-exposed,SW,,,
Plate1_A006,Pmeandrina,P ver 169,Chilcott,Chilcott 2,1/3/20,2,4.19,6.649999851,16.93150,149.98988,Sheltered,NW,M2,,
Plate1_B006,Pmeandrina,P ver 171,Chilcott,Chilcott 2,1/3/20,3,4.84,6.649999851,16.93150,149.98988,Sheltered,NW,M3,,
Plate1_C006,Pmeandrina,P ver 172,Chilcott,Chilcott 2,1/3/20,4,2.58,6.649999851,16.93150,149.98988,Sheltered,NW,M1,,
Plate1_G005,Pmeandrina,P ver 167,Chilcott,Chilcott 2,1/3/20,3,7.10,6.649999851,16.93150,149.98988,Sheltered,NW,M1,,
Plate1_H005,Pmeandrina,P ver 168,Chilcott,Chilcott 2,1/3/20,4,5.16,6.649999851,16.93150,149.98988,Sheltered,NW,M1,,
Plate2_A006,Pmeandrina,P ver 173,Chilcott,Chilcott 2,1/3/20,2,3.87,6.649999851,16.93150,149.98988,Sheltered,NW,M2,,
Plate2_B006,Pmeandrina,P ver 174,Chilcott,Chilcott 2,1/3/20,2,7.74,6.649999851,16.93150,149.98988,Sheltered,NW,M1,,
Plate2_C006,Pverrucosa,P ver 175,Chilcott,Chilcott 2,1/3/20,3,5.16,6.649999851,16.93150,149.98988,Sheltered,NW,M2,,
Plate2_D006,Pverrucosa,P ver 176,Chilcott,Chilcott 2,1/3/20,3,6.77,6.649999851,16.93150,149.98988,Sheltered,NW,M1,,
Plate2_E006,Unknown,P ver 178,Chilcott,Chilcott 2,1/3/20,5,5.16,6.649999851,16.93150,149.98988,Sheltered,NW,M2,,
Plate3_B006,Pmeandrina,P ver 170,Chilcott,Chilcott 2,1/3/20,3,3.55,6.649999851,16.93150,149.98988,Sheltered,NW,M2,,
Plate3_C006,Unknown,P ver 180,Chilcott,Chilcott 2,1/3/20,5,4.19,6.649999851,16.93150,149.98988,Sheltered,NW,M3,,
Plate4_B006,Pverrucosa,P ver 177,Chilcott,Chilcott 2,1/3/20,2,8.71,6.649999851,16.93150,149.98988,Sheltered,NW,M1,,
Plate4_C006,Pmeandrina,P ver 179,Chilcott,Chilcott 2,1/3/20,4,4.19,6.649999851,16.93150,149.98988,Sheltered,NW,M1,,
Plate5_A008,Ahumilis,A ten 153,Chilcott,Chilcott 2,1/3/20,3,6.8,6.649999851,16.93150,149.98988,Sheltered,NW,,,
Plate5_B008,Ahumilis,A ten 155,Chilcott,Chilcott 2,1/3/20,4,6.5,6.649999851,16.93150,149.98988,Sheltered,NW,,,
Plate5_C008,Ahumilis,A ten 157,Chilcott,Chilcott 2,1/3/20,5,5.2,6.649999851,16.93150,149.98988,Sheltered,NW,,,
Plate5_E007,Ahumilis,A ten 147,Chilcott,Chilcott 2,1/3/20,5,6.5,6.649999851,16.93150,149.98988,Sheltered,NW,,,
Plate5_F007,Ahumilis,A ten 149,Chilcott,Chilcott 2,1/3/20,3,5.8,6.649999851,16.93150,149.98988,Sheltered,NW,,,
Plate5_G007,Ahumilis,A ten 150,Chilcott,Chilcott 2,1/3/20,1,6.1,6.649999851,16.93150,149.98988,Sheltered,NW,,,
Plate5_H007,Ahumilis,A ten 151,Chilcott,Chilcott 2,1/3/20,5,6.1,6.649999851,16.93150,149.98988,Sheltered,NW,,,
Plate6_D007,Ahumilis,A ten 152,Chilcott,Chilcott 2,1/3/20,4,7.4,6.649999851,16.93150,149.98988,Sheltered,NW,,,
Plate6_E007,Ahumilis,A ten 154,Chilcott,Chilcott 2,1/3/20,4,6.5,6.649999851,16.93150,149.98988,Sheltered,NW,,,
Plate6_F007,Ahumilis,A ten 158,Chilcott,Chilcott 2,1/3/20,5,3.9,6.649999851,16.93150,149.98988,Sheltered,NW,,,
Plate7_A004,Ahumilis,A ten 156,Chilcott,Chilcott 2,1/3/20,3,4.2,6.649999851,16.93150,149.98988,Sheltered,NW,,,
Plate7_B004,Ahumilis,A ten 159,Chilcott,Chilcott 2,1/3/20,3,7.7,6.649999851,16.93150,149.98988,Sheltered,NW,,,
Plate7_H003,Ahumilis,A ten 148,Chilcott,Chilcott 2,1/3/20,5,5.2,6.649999851,16.93150,149.98988,Sheltered,NW,,,
Plate1_D006,Pmeandrina,P ver 182,Chilcott,Chilcott 4,1/3/20,5,5.81,6.649999851,16.93601,149.99835,Sheltered,NE,M2,,
Plate3_D006,Unknown,P ver 181,Chilcott,Chilcott 4,1/3/20,3,5.81,6.649999851,16.93601,149.99835,Sheltered,NE,M2,,
Plate5_D008,Ahumilis,A ten 163,Chilcott,Chilcott 4,1/3/20,3,6.1,6.649999851,16.93601,149.99835,Sheltered,NE,,,
Plate5_E008,Ahumilis,A ten 164,Chilcott,Chilcott 4,1/3/20,5,6.1,6.649999851,16.93601,149.99835,Sheltered,NE,,,
Plate6_A008,Ahumilis,A ten 162,Chilcott,Chilcott 4,1/3/20,4,5.8,6.649999851,16.93601,149.99835,Sheltered,NE,,,
Plate6_G007,Ahumilis,A ten 160,Chilcott,Chilcott 4,1/3/20,2,7.1,6.649999851,16.93601,149.99835,Sheltered,NE,,,
Plate6_H007,Ahumilis,A ten 161,Chilcott,Chilcott 4,1/3/20,3,6.8,6.649999851,16.93601,149.99835,Sheltered,NE,,,
Plate1_E005,Unknown,P ver 143,Flinders,Flinders 2,28/2/20,4,8.06,6.869999846,17.70218,148.46655,Sheltered,N,M1,,
Plate2_C005,Pverrucosa,P ver 138,Flinders,Flinders 2,28/2/20,4,11.29,6.869999846,17.70218,148.46655,Sheltered,N,M2,,
Plate2_D005,Pverrucosa,P ver 139,Flinders,Flinders 2,28/2/20,4,10.65,6.869999846,17.70218,148.46655,Sheltered,N,M3,,
Plate2_E005,Pverrucosa,P ver 140,Flinders,Flinders 2,28/2/20,6,10.65,6.869999846,17.70218,148.46655,Sheltered,N,M3,,
Plate2_F005,Pverrucosa,P ver 141,Flinders,Flinders 2,28/2/20,2,10.65,6.869999846,17.70218,148.46655,Sheltered,N,M3,,
Plate2_H005,Pmeandrina,P ver 146,Flinders,Flinders 2,28/2/20,3,8.71,6.869999846,17.70218,148.46655,Sheltered,N,M3,,
Plate3_A005,Pmeandrina,P ver 137,Flinders,Flinders 2,28/2/20,3,10.65,t,17.70218,148.46655,Sheltered,N,M2,,
Plate3_B005,Pmeandrina,P ver 142,Flinders,Flinders 2,28/2/20,4,9.35,6.869999846,17.70218,148.46655,Sheltered,N,M3,,
Plate3_C005,Pverrucosa,P ver 144,Flinders,Flinders 2,28/2/20,4,12.26,6.869999846,17.70218,148.46655,Sheltered,N,M1,,
Plate3_D005,Pverrucosa,P ver 145,Flinders,Flinders 2,28/2/20,6,11.94,6.869999846,17.70218,148.46655,Sheltered,N,M2,,
Plate3_E005,Unknown,P ver 147,Flinders,Flinders 2,28/2/20,3,3.87,6.869999846,17.70218,148.46655,Sheltered,N,M3,,
Plate5_D006,Ahumilis,A ten 117,Flinders,Flinders 2,28/2/20,5,11.6,6.869999846,17.70218,148.46655,Sheltered,N,,,
Plate5_E006,Ahumilis,A ten 126,Flinders,Flinders 2,28/2/20,4,3.9,6.869999846,17.70218,148.46655,Sheltered,N,,,
Plate6_A006,Ahumilis,A ten 125,Flinders,Flinders 2,28/2/20,4,9.0,6.869999846,17.70218,148.46655,Sheltered,N,,,
Plate6_E005,Ahumilis,A ten 115,Flinders,Flinders 2,28/2/20,4,10.6,6.869999846,17.70218,148.46655,Sheltered,N,,,
Plate6_F005,Ahumilis,A ten 118,Flinders,Flinders 2,28/2/20,4,11.0,6.869999846,17.70218,148.46655,Sheltered,N,,,
Plate6_G005,Ahumilis,A ten 123,Flinders,Flinders 2,28/2/20,4,9.7,6.869999846,17.70218,148.46655,Sheltered,N,,,
Plate6_H005,Ahumilis,A ten 124,Flinders,Flinders 2,28/2/20,5,10.3,6.869999846,17.70218,148.46655,Sheltered,N,,,
Plate7_A003,Ahumilis,A ten 119,Flinders,Flinders 2,28/2/20,5,11.6,6.869999846,17.70218,148.46655,Sheltered,N,,,
Plate7_B003,Ahumilis,A ten 120,Flinders,Flinders 2,28/2/20,6,11.3,6.869999846,17.70218,148.46655,Sheltered,N,,,
Plate7_C003,Ahumilis,A ten 121,Flinders,Flinders 2,28/2/20,4,10.0,6.869999846,17.70218,148.46655,Sheltered,N,,,
Plate7_D003,Ahumilis,A ten 122,Flinders,Flinders 2,28/2/20,5,11.6,6.869999846,17.70218,148.46655,Sheltered,N,,,
Plate7_E003,Ahumilis,A ten 127,Flinders,Flinders 2,28/2/20,3,5.2,6.869999846,17.70218,148.46655,Sheltered,N,,,
Plate7_H002,Ahumilis,A ten 116,Flinders,Flinders 2,28/2/20,3,11.0,6.869999846,17.70218,148.46655,Sheltered,N,,,
Plate2_A005,Pverrucosa,P ver 114,Flinders,Flinders 5,27/2/20,3,7.74,6.44,17.86163,148.46652,Semi-exposed,W,M3,,
Plate3_B004,Pverrucosa,P ver 118,Flinders,Flinders 5,27/2/20,4,7.42,6.44,17.86163,148.46652,Semi-exposed,W,M1,,
Plate3_C004,Pverrucosa,P ver 121,Flinders,Flinders 5,27/2/20,3,5.81,6.44,17.86163,148.46652,Semi-exposed,W,M1,,
Plate4_A003,Pverrucosa,P ver 116,Flinders,Flinders 5,27/2/20,5,5.81,6.44,17.86163,148.46652,Semi-exposed,W,M1,,
Plate4_B003,Pverrucosa,P ver 117,Flinders,Flinders 5,27/2/20,2,6.13,6.44,17.86163,148.46652,Semi-exposed,W,M1,,
Plate4_C003,Pverrucosa,P ver 119,Flinders,Flinders 5,27/2/20,5,8.39,6.44,17.86163,148.46652,Semi-exposed,W,M3,,
Plate4_D003,Pverrucosa,P ver 120,Flinders,Flinders 5,27/2/20,5,6.77,6.44,17.86163,148.46652,Semi-exposed,W,M1,,
Plate4_E003,Pverrucosa,P ver 122,Flinders,Flinders 5,27/2/20,4,9.03,6.44,17.86163,148.46652,Semi-exposed,W,M2,,
Plate4_F003,Pverrucosa,P ver 123,Flinders,Flinders 5,27/2/20,2,4.84,6.44,17.86163,148.46652,Semi-exposed,W,M3,,
Plate4_H002,Pverrucosa,P ver 115,Flinders,Flinders 5,27/2/20,3,7.10,6.44,17.86163,148.46652,Semi-exposed,W,M1,,
Plate5_A006,Ahumilis,A ten 100,Flinders,Flinders 5,27/2/20,5,6.5,6.44,17.86163,148.46652,Semi-exposed,W,,,
Plate5_H005,Ahumilis,A ten 099,Flinders,Flinders 5,27/2/20,3,8.4,6.44,17.86163,148.46652,Semi-exposed,W,,,
Plate6_E004,Ahumilis,A ten 102,Flinders,Flinders 5,27/2/20,5,6.5,6.44,17.86163,148.46652,Semi-exposed,W,,,
Plate6_F004,Ahumilis,A ten 103,Flinders,Flinders 5,27/2/20,5,8.1,6.44,17.86163,148.46652,Semi-exposed,W,,,
Plate6_G004,Ahumilis,A ten 104,Flinders,Flinders 5,27/2/20,3,7.4,6.44,17.86163,148.46652,Semi-exposed,W,,,
Plate7_C002,Ahumilis,A ten 098,Flinders,Flinders 5,27/2/20,4,8.4,6.44,17.86163,148.46652,Semi-exposed,W,,,
Plate7_D002,Ahumilis,A ten 101,Flinders,Flinders 5,27/2/20,4,7.1,6.44,17.86163,148.46652,Semi-exposed,W,,,
Plate7_E002,Ahumilis,A ten 105,Flinders,Flinders 5,27/2/20,5,6.1,6.44,17.86163,148.46652,Semi-exposed,W,,,
Plate1_D005,Pverrucosa,P ver 127,Flinders,Flinders 6,27/2/20,5,6.13,6.44,17.83089,148.51353,Sheltered,S,M2,,
Plate2_B005,Pverrucosa,P ver 129,Flinders,Flinders 6,27/2/20,2,12.26,6.44,17.83089,148.51353,Sheltered,S,M2,,
Plate3_D004,Pverrucosa,P ver 125,Flinders,Flinders 6,27/2/20,3,6.13,6.44,17.83089,148.51353,Sheltered,S,M2,,
Plate3_E004,Pverrucosa,P ver 126,Flinders,Flinders 6,27/2/20,6,5.81,6.44,17.83089,148.51353,Sheltered,S,M1,,
Plate3_F004,Pverrucosa,P ver 130,Flinders,Flinders 6,27/2/20,5,10.65,6.44,17.83089,148.51353,Sheltered,S,M2,,
Plate3_G004,Pmeandrina,P ver 131,Flinders,Flinders 6,27/2/20,2,3.87,6.44,17.83089,148.51353,Sheltered,S,M2,,
Plate3_H004,Pverrucosa,P ver 132,Flinders,Flinders 6,27/2/20,4,4.19,6.44,17.83089,148.51353,Sheltered,S,M2,,
Plate4_A004,Unknown,P ver 133,Flinders,Flinders 6,27/2/20,4,5.81,6.44,17.83089,148.51353,Sheltered,S,M1,,
Plate4_B004,Pmeandrina,P ver 134,Flinders,Flinders 6,27/2/20,5,5.81,6.44,17.83089,148.51353,Sheltered,S,M3,,
Plate4_C004,Pverrucosa,P ver 135,Flinders,Flinders 6,27/2/20,5,6.13,6.44,17.83089,148.51353,Sheltered,S,M3,,
Plate4_D004,Pverrucosa,P ver 136,Flinders,Flinders 6,27/2/20,6,7.10,6.44,17.83089,148.51353,Sheltered,S,M2,,
Plate4_G003,Pverrucosa,P ver 124,Flinders,Flinders 6,27/2/20,6,8.39,6.44,17.83089,148.51353,Sheltered,S,M1,,
Plate4_H003,Pverrucosa,P ver 128,Flinders,Flinders 6,27/2/20,3,8.39,6.44,17.83089,148.51353,Sheltered,S,M1,,
Plate5_B006,Ahumilis,A ten 106,Flinders,Flinders 6,27/2/20,1,5.5,6.44,17.83089,148.51353,Sheltered,S,,,
Plate5_C006,Ahumilis,A ten 113,Flinders,Flinders 6,27/2/20,3,5.5,6.44,17.83089,148.51353,Sheltered,S,,,
Plate6_A005,Ahumilis,A ten 109,Flinders,Flinders 6,27/2/20,2,12.3,6.44,17.83089,148.51353,Sheltered,S,,,
Plate6_B005,Ahumilis,A ten 110,Flinders,Flinders 6,27/2/20,5,10.6,6.44,17.83089,148.51353,Sheltered,S,,,
Plate6_C005,Ahumilis,A ten 111,Flinders,Flinders 6,27/2/20,3,9.4,6.44,17.83089,148.51353,Sheltered,S,,,
Plate6_D005,Ahumilis,A ten 114,Flinders,Flinders 6,27/2/20,3,6.8,6.44,17.83089,148.51353,Sheltered,S,,,
Plate6_H004,Ahumilis,A ten 107,Flinders,Flinders 6,27/2/20,4,9.0,6.44,17.83089,148.51353,Sheltered,S,,,
Plate7_F002,Ahumilis,A ten 108,Flinders,Flinders 6,27/2/20,3,11.6,6.44,17.83089,148.51353,Sheltered,S,,,
Plate7_G002,Ahumilis,A ten 112,Flinders,Flinders 6,27/2/20,4,6.1,6.44,17.83089,148.51353,Sheltered,S,,,
Plate1_A004,Pmeandrina,P ver 061,Frederick,Frederick 2,22/2/20,5,10.3,7,21.01043,154.34743,Semi-sheltered,W,M2,,
Plate1_B004,Pmeandrina,P ver 065,Frederick,Frederick 2,22/2/20,4,10.0,7,21.01043,154.34743,Semi-sheltered,W,M1,,
Plate1_H003,Pmeandrina,P ver 057,Frederick,Frederick 2,22/2/20,3,5.2,7,21.01043,154.34743,Semi-sheltered,W,M1,,
Plate2_A003,Pmeandrina,P ver 055,Frederick,Frederick 2,22/2/20,3,7.7,7,21.01043,154.34743,Semi-sheltered,W,M2,,
Plate2_B003,Pmeandrina,P ver 059,Frederick,Frederick 2,22/2/20,5,8.1,7,21.01043,154.34743,Semi-sheltered,W,M2,,
Plate2_C003,Pmeandrina,P ver 060,Frederick,Frederick 2,22/2/20,5,5.2,7,21.01043,154.34743,Semi-sheltered,W,M1,,
Plate2_D003,Pmeandrina,P ver 064,Frederick,Frederick 2,22/2/20,5,9.4,7,21.01043,154.34743,Semi-sheltered,W,M2,,
Plate3_A003,Pmeandrina,P ver 066,Frederick,Frederick 2,22/2/20,4,9.4,7,21.01043,154.34743,Semi-sheltered,W,M3,,
Plate3_F002,Pmeandrina,P ver 056,Frederick,Frederick 2,22/2/20,3,8.1,7,21.01043,154.34743,Semi-sheltered,W,M2,,
Plate3_G002,Pmeandrina,P ver 062,Frederick,Frederick 2,22/2/20,4,11.6,7,21.01043,154.34743,Semi-sheltered,W,M2,,
Plate3_H002,Unknown,P ver 063,Frederick,Frederick 2,22/2/20,5,10.6,7,21.01043,154.34743,Semi-sheltered,W,M2,,
Plate4_C001,Unknown,P ver 058,Frederick,Frederick 2,22/2/20,4,3.5,7,21.01043,154.34743,Semi-sheltered,W,M1,,
Plate5_C002,Ahumilis,A ten 036,Frederick,Frederick 2,22/2/20,5,5.8,7,21.01043,154.34743,Semi-sheltered,W,,,
Plate5_D002,Ahumilis,A ten 037,Frederick,Frederick 2,22/2/20,5,8.1,7,21.01043,154.34743,Semi-sheltered,W,,,
Plate5_E002,Ahumilis,A ten 039,Frederick,Frederick 2,22/2/20,3,13.9,7,21.01043,154.34743,Semi-sheltered,W,,,
Plate5_F002,Ahumilis,A ten 040,Frederick,Frederick 2,22/2/20,4,10.3,7,21.01043,154.34743,Semi-sheltered,W,,,
Plate5_G002,Ahumilis,A ten 041,Frederick,Frederick 2,22/2/20,4,11.9,7,21.01043,154.34743,Semi-sheltered,W,,,
Plate5_H002,Ahumilis,A ten 042,Frederick,Frederick 2,22/2/20,5,12.3,7,21.01043,154.34743,Semi-sheltered,W,,,
Plate6_A002,Ahumilis,A ten 043,Frederick,Frederick 2,22/2/20,6,10.6,7,21.01043,154.34743,Semi-sheltered,W,,,
Plate6_B002,Ahumilis,A ten 044,Frederick,Frederick 2,22/2/20,5,9.0,7,21.01043,154.34743,Semi-sheltered,W,,,
Plate6_C002,Ahumilis,A ten 045,Frederick,Frederick 2,22/2/20,3,9.4,7,21.01043,154.34743,Semi-sheltered,W,,,
Plate6_D002,Ahumilis,A ten 046,Frederick,Frederick 2,22/2/20,4,9.0,7,21.01043,154.34743,Semi-sheltered,W,,,
Plate6_H001,Ahumilis,A ten 038,Frederick,Frederick 2,22/2/20,4,10.0,7,21.01043,154.34743,Semi-sheltered,W,,,
Plate1_C004,Pverrucosa,P ver 069,Frederick,Frederick 4,22/2/20,2,7.1,7.01,20.93838,154.39737,Sheltered,W,M1,,
Plate1_D004,Unknown,P ver 071,Frederick,Frederick 4,22/2/20,4,7.4,7.01,20.93838,154.39737,Sheltered,W,M2,,
Plate2_E003,Pmeandrina,P ver 067,Frederick,Frederick 4,22/2/20,3,6.8,7.01,20.93838,154.39737,Sheltered,W,M1,,
Plate2_F003,Unknown,P ver 068,Frederick,Frederick 4,22/2/20,4,7.1,7.01,20.93838,154.39737,Sheltered,W,M2,,
Plate3_B003,Unknown,P ver 070,Frederick,Frederick 4,22/2/20,3,6.8,7.01,20.93838,154.39737,Sheltered,W,M3,,
Plate3_C003,Pmeandrina,P ver 072,Frederick,Frederick 4,22/2/20,3,7.1,7.01,20.93838,154.39737,Sheltered,W,M1,,
Plate4_D001,Pverrucosa,P ver 073,Frederick,Frederick 4,22/2/20,4,8.1,7.01,20.93838,154.39737,Sheltered,W,M1,,
Plate4_E001,Pmeandrina,P ver 074,Frederick,Frederick 4,22/2/20,4,3.9,7.01,20.93838,154.39737,Sheltered,W,M2,,
Plate5_A003,Ahumilis,A ten 047,Frederick,Frederick 4,22/2/20,5,7.1,7.01,20.93838,154.39737,Sheltered,W,,,
Plate6_E002,Ahumilis,A ten 049,Frederick,Frederick 4,22/2/20,5,9.0,7.01,20.93838,154.39737,Sheltered,W,,,
Plate6_F002,Ahumilis,A ten 050,Frederick,Frederick 4,22/2/20,4,7.7,7.01,20.93838,154.39737,Sheltered,W,,,
Plate6_G002,Ahumilis,A ten 051,Frederick,Frederick 4,22/2/20,4,2.3,7.01,20.93838,154.39737,Sheltered,W,,,
Plate7_A002,Ahumilis,A ten 052,Frederick,Frederick 4,22/2/20,4,7.4,7.01,20.93838,154.39737,Sheltered,W,,,
Plate7_H001,Ahumilis,A ten 048,Frederick,Frederick 4,22/2/20,4,9.7,7.01,20.93838,154.39737,Sheltered,W,,,
Plate2_A011,Pmeandrina,P ver 305,Holmes,Holmes 1,9/3/20,3,10.00,9.429999789,16.52613,147.80701,Sheltered,NW,M2,,
Plate2_B011,Pmeandrina,P ver 306,Holmes,Holmes 1,9/3/20,3,8.39,9.429999789,16.52613,147.80701,Sheltered,NW,M3,,
Plate2_C011,Pverrucosa,P ver 310,Holmes,Holmes 1,9/3/20,1,7.10,9.429999789,16.52613,147.80701,Sheltered,NW,M3,,
Plate2_H010,Pverrucosa,P ver 303,Holmes,Holmes 1,9/3/20,2,4.19,9.429999789,16.52613,147.80701,Sheltered,NW,M2,,
Plate3_A011,Pverrucosa,P ver 308,Holmes,Holmes 1,9/3/20,6,8.39,9.429999789,16.52613,147.80701,Sheltered,NW,M2,,
Plate3_E010,Pverrucosa,P ver 300,Holmes,Holmes 1,9/3/20,3,9.68,9.429999789,16.52613,147.80701,Sheltered,NW,M2,,
Plate3_F010,Pverrucosa,P ver 301,Holmes,Holmes 1,9/3/20,3,10.97,9.429999789,16.52613,147.80701,Sheltered,NW,M2,,
Plate3_G010,Pmeandrina,P ver 304,Holmes,Holmes 1,9/3/20,6,11.94,9.429999789,16.52613,147.80701,Sheltered,NW,M3,,
Plate3_H010,Pverrucosa,P ver 307,Holmes,Holmes 1,9/3/20,6,12.58,9.429999789,16.52613,147.80701,Sheltered,NW,M3,,
Plate4_B008,Pverrucosa,P ver 302,Holmes,Holmes 1,9/3/20,4,10.32,9.429999789,16.52613,147.80701,Sheltered,NW,M2,,
Plate4_C008,Pverrucosa,P ver 309,Holmes,Holmes 1,9/3/20,1,8.06,9.429999789,16.52613,147.80701,Sheltered,NW,M2,,
Plate5_C011,Ahumilis,A ten 238,Holmes,Holmes 1,9/3/20,2,11.0,9.429999789,16.52613,147.80701,Sheltered,NW,,,
Plate5_D011,Ahumilis,A ten 240,Holmes,Holmes 1,9/3/20,3,11.6,9.429999789,16.52613,147.80701,Sheltered,NW,,,
Plate5_E011,Ahumilis,A ten 243,Holmes,Holmes 1,9/3/20,3,7.1,9.429999789,16.52613,147.80701,Sheltered,NW,,,
Plate5_F011,Ahumilis,A ten 256,Holmes,Holmes 1,9/3/20,4,6.1,9.429999789,16.52613,147.80701,Sheltered,NW,,,
Plate6_A011,Ahumilis,A ten 250,Holmes,Holmes 1,9/3/20,4,10.6,9.429999789,16.52613,147.80701,Sheltered,NW,,,
Plate6_B010,Ahumilis,A ten 237,Holmes,Holmes 1,9/3/20,2,10.6,9.429999789,16.52613,147.80701,Sheltered,NW,,,
Plate6_B011,Ahumilis,A ten 253,Holmes,Holmes 1,9/3/20,2,6.1,9.429999789,16.52613,147.80701,Sheltered,NW,,,
Plate6_C010,Ahumilis,A ten 239,Holmes,Holmes 1,9/3/20,2,10.0,9.429999789,16.52613,147.80701,Sheltered,NW,,,
Plate6_D010,Ahumilis,A ten 241,Holmes,Holmes 1,9/3/20,4,11.0,9.429999789,16.52613,147.80701,Sheltered,NW,,,
Plate6_E010,Ahumilis,A ten 244,Holmes,Holmes 1,9/3/20,4,5.8,9.429999789,16.52613,147.80701,Sheltered,NW,,,
Plate6_F010,Ahumilis,A ten 246,Holmes,Holmes 1,9/3/20,2,5.8,9.429999789,16.52613,147.80701,Sheltered,NW,,,
Plate6_G010,Ahumilis,A ten 248,Holmes,Holmes 1,9/3/20,6,11.3,9.429999789,16.52613,147.80701,Sheltered,NW,,,
Plate6_H010,Ahumilis,A ten 249,Holmes,Holmes 1,9/3/20,4,13.5,9.429999789,16.52613,147.80701,Sheltered,NW,,,
Plate7_A008,Ahumilis,A ten 254,Holmes,Holmes 1,9/3/20,3,5.5,9.429999789,16.52613,147.80701,Sheltered,NW,,,
Plate7_B008,Ahumilis,A ten 255,Holmes,Holmes 1,9/3/20,3,5.8,9.429999789,16.52613,147.80701,Sheltered,NW,,,
Plate7_D007,Ahumilis,A ten 242,Holmes,Holmes 1,9/3/20,4,8.7,9.429999789,16.52613,147.80701,Sheltered,NW,,,
Plate7_E007,Ahumilis,A ten 245,Holmes,Holmes 1,9/3/20,4,6.1,9.429999789,16.52613,147.80701,Sheltered,NW,,,
Plate7_F007,Ahumilis,A ten 247,Holmes,Holmes 1,9/3/20,2,3.9,9.429999789,16.52613,147.80701,Sheltered,NW,,,
Plate7_G007,Ahumilis,A ten 251,Holmes,Holmes 1,9/3/20,4,7.7,9.429999789,16.52613,147.80701,Sheltered,NW,,,
Plate7_H007,Ahumilis,A ten 252,Holmes,Holmes 1,9/3/20,4,6.5,9.429999789,16.52613,147.80701,Sheltered,NW,,,
Plate1_H009,Pverrucosa,P ver 282,Holmes,Holmes 7,8/3/20,3,8.71,9.67,16.42693,147.98442,Semi-sheltered,NW,M2,,
Plate2_E010,Pverrucosa,P ver 281,Holmes,Holmes 7,8/3/20,3,3.87,9.67,16.42693,147.98442,Semi-sheltered,NW,M1,,
Plate2_F010,Pverrucosa,P ver 295,Holmes,Holmes 7,8/3/20,2,4.84,9.67,16.42693,147.98442,Semi-sheltered,NW,M2,,
Plate2_G010,Pverrucosa,P ver 296,Holmes,Holmes 7,8/3/20,3,4.84,9.67,16.42693,147.98442,Semi-sheltered,NW,M2,,
Plate3_A010,Pverrucosa,P ver 294,Holmes,Holmes 7,8/3/20,4,5.16,9.67,16.42693,147.98442,Semi-sheltered,NW,M2,,
Plate3_B010,Pverrucosa,P ver 297,Holmes,Holmes 7,8/3/20,5,3.87,9.67,16.42693,147.98442,Semi-sheltered,NW,M4,,
Plate3_C010,Pverrucosa,P ver 298,Holmes,Holmes 7,8/3/20,5,5.16,9.67,16.42693,147.98442,Semi-sheltered,NW,M1,,
Plate3_D010,Pverrucosa,P ver 299,Holmes,Holmes 7,8/3/20,2,5.16,9.67,16.42693,147.98442,Semi-sheltered,NW,M1,,
Plate3_E009,Unknown,P ver 283,Holmes,Holmes 7,8/3/20,1,8.39,9.67,16.42693,147.98442,Semi-sheltered,NW,M2,,
Plate3_F009,Pverrucosa,P ver 289,Holmes,Holmes 7,8/3/20,3,10.00,9.67,16.42693,147.98442,Semi-sheltered,NW,M2,,
Plate3_G009,Pmeandrina,P ver 291,Holmes,Holmes 7,8/3/20,3,5.81,9.67,16.42693,147.98442,Semi-sheltered,NW,M1,,
Plate3_H009,Unknown,P ver 292,Holmes,Holmes 7,8/3/20,3,7.10,9.67,16.42693,147.98442,Semi-sheltered,NW,M2,,
Plate4_A008,Pverrucosa,P ver 293,Holmes,Holmes 7,8/3/20,5,7.10,9.67,16.42693,147.98442,Semi-sheltered,NW,M2,,
Plate4_C007,Pmeandrina,P ver 284,Holmes,Holmes 7,8/3/20,5,8.39,9.67,16.42693,147.98442,Semi-sheltered,NW,M3,,
Plate4_D007,Pverrucosa,P ver 285,Holmes,Holmes 7,8/3/20,2,8.06,9.67,16.42693,147.98442,Semi-sheltered,NW,M2,,
Plate4_E007,Pmeandrina,P ver 286,Holmes,Holmes 7,8/3/20,1,7.42,9.67,16.42693,147.98442,Semi-sheltered,NW,M2,,
Plate4_F007,Pverrucosa,P ver 287,Holmes,Holmes 7,8/3/20,5,5.48,9.67,16.42693,147.98442,Semi-sheltered,NW,M2,,
Plate4_G007,Unknown,P ver 288,Holmes,Holmes 7,8/3/20,4,8.71,9.67,16.42693,147.98442,Semi-sheltered,NW,M2,,
Plate4_H007,Pmeandrina,P ver 290,Holmes,Holmes 7,8/3/20,1,5.81,9.67,16.42693,147.98442,Semi-sheltered,NW,M1,,
Plate6_A010,Ahumilis,A ten 234,Holmes,Holmes 7,8/3/20,1,7.4,9.67,16.42693,147.98442,Semi-sheltered,NW,,,
Plate6_F009,Ahumilis,A ten 227,Holmes,Holmes 7,8/3/20,1,6.8,9.67,16.42693,147.98442,Semi-sheltered,NW,,,
Plate6_G009,Ahumilis,A ten 231,Holmes,Holmes 7,8/3/20,2,10.6,9.67,16.42693,147.98442,Semi-sheltered,NW,,,
Plate6_H009,Ahumilis,A ten 232,Holmes,Holmes 7,8/3/20,1,11.0,9.67,16.42693,147.98442,Semi-sheltered,NW,,,
Plate7_A007,Ahumilis,A ten 233,Holmes,Holmes 7,8/3/20,1,7.1,9.67,16.42693,147.98442,Semi-sheltered,NW,,,
Plate7_B007,Ahumilis,A ten 235,Holmes,Holmes 7,8/3/20,1,12.3,9.67,16.42693,147.98442,Semi-sheltered,NW,,,
Plate7_C007,Ahumilis,A ten 236,Holmes,Holmes 7,8/3/20,2,10.3,9.67,16.42693,147.98442,Semi-sheltered,NW,,,
Plate7_F006,Ahumilis,A ten 228,Holmes,Holmes 7,8/3/20,2,11.6,9.67,16.42693,147.98442,Semi-sheltered,NW,,,
Plate7_G006,Ahumilis,A ten 229,Holmes,Holmes 7,8/3/20,1,12.3,9.67,16.42693,147.98442,Semi-sheltered,NW,,,
Plate7_H006,Ahumilis,A ten 230,Holmes,Holmes 7,8/3/20,2,13.2,9.67,16.42693,147.98442,Semi-sheltered,NW,,,
Plate1_F005,Pmeandrina,P ver 163,Herald,Herald 1,29/2/20,1,1.94,7.959999822,16.94348,149.18565,Semi-exposed,N,M3,,
Plate2_G005,Pverrucosa,P ver 166,Herald,Herald 1,29/2/20,5,11.94,7.959999822,16.94348,149.18565,Semi-exposed,N,M3,,
Plate3_A006,Pverrucosa,P ver 165,Herald,Herald 1,29/2/20,6,9.35,7.959999822,16.94348,149.18565,Semi-exposed,N,M3,,
Plate3_F005,Pverrucosa,P ver 150,Herald,Herald 1,29/2/20,4,11.61,7.959999822,16.94348,149.18565,Semi-exposed,N,M1,,
Plate3_G005,Pverrucosa,P ver 160,Herald,Herald 1,29/2/20,1,10.97,7.959999822,16.94348,149.18565,Semi-exposed,N,M2,,
Plate3_H005,Pverrucosa,P ver 164,Herald,Herald 1,29/2/20,3,9.68,7.959999822,16.94348,149.18565,Semi-exposed,N,M2,,
Plate4_A005,Pverrucosa,P ver 153,Herald,Herald 1,29/2/20,4,8.71,7.959999822,16.94348,149.18565,Semi-exposed,N,M2,,
Plate4_A006,Pmeandrina,P ver 162,Herald,Herald 1,29/2/20,4,4.19,7.959999822,16.94348,149.18565,Semi-exposed,N,M2,,
Plate4_B005,Pmeandrina,P ver 154,Herald,Herald 1,29/2/20,5,8.71,7.959999822,16.94348,149.18565,Semi-exposed,N,M3,,
Plate4_C005,Pmeandrina,P ver 155,Herald,Herald 1,29/2/20,2,7.42,7.959999822,16.94348,149.18565,Semi-exposed,N,M2,,
Plate4_D005,Pverrucosa,P ver 156,Herald,Herald 1,29/2/20,3,8.06,7.959999822,16.94348,149.18565,Semi-exposed,N,M2,,
Plate4_E004,Pmeandrina,P ver 148,Herald,Herald 1,29/2/20,3,11.29,7.959999822,16.94348,149.18565,Semi-exposed,N,M1,,
Plate4_E005,Pverrucosa,P ver 157,Herald,Herald 1,29/2/20,3,7.42,7.959999822,16.94348,149.18565,Semi-exposed,N,M3,,
Plate4_F004,Pverrucosa,P ver 149,Herald,Herald 1,29/2/20,3,11.61,7.959999822,16.94348,149.18565,Semi-exposed,N,M2,,
Plate4_F005,Unknown,P ver 158,Herald,Herald 1,29/2/20,4,7.42,7.959999822,16.94348,149.18565,Semi-exposed,N,M3,,
Plate4_G004,Pverrucosa,P ver 151,Herald,Herald 1,29/2/20,3,11.94,7.959999822,16.94348,149.18565,Semi-exposed,N,M2,,
Plate4_G005,Unknown,P ver 159,Herald,Herald 1,29/2/20,1,7.10,7.959999822,16.94348,149.18565,Semi-exposed,N,M3,,
Plate4_H004,Unknown,P ver 152,Herald,Herald 1,29/2/20,3,10.32,7.959999822,16.94348,149.18565,Semi-exposed,N,M1,,
Plate4_H005,Pverrucosa,P ver 161,Herald,Herald 1,29/2/20,6,8.06,7.959999822,16.94348,149.18565,Semi-exposed,N,M1,,
Plate5_A007,Ahumilis,A ten 140,Herald,Herald 1,29/2/20,4,10.3,7.959999822,16.94348,149.18565,Semi-exposed,N,,,
Plate5_B007,Ahumilis,A ten 141,Herald,Herald 1,29/2/20,5,11.3,7.959999822,16.94348,149.18565,Semi-exposed,N,,,
Plate5_C007,Ahumilis,A ten 142,Herald,Herald 1,29/2/20,5,12.9,7.959999822,16.94348,149.18565,Semi-exposed,N,,,
Plate5_D007,Ahumilis,A ten 145,Herald,Herald 1,29/2/20,1,11.6,7.959999822,16.94348,149.18565,Semi-exposed,N,,,
Plate5_F006,Ahumilis,A ten 129,Herald,Herald 1,29/2/20,3,11.3,7.959999822,16.94348,149.18565,Semi-exposed,N,,,
Plate5_G006,Ahumilis,A ten 135,Herald,Herald 1,29/2/20,4,10.6,7.959999822,16.94348,149.18565,Semi-exposed,N,,,
Plate5_H006,Ahumilis,A ten 139,Herald,Herald 1,29/2/20,3,11.0,7.959999822,16.94348,149.18565,Semi-exposed,N,,,
Plate6_A007,Ahumilis,A ten 143,Herald,Herald 1,29/2/20,3,11.6,7.959999822,16.94348,149.18565,Semi-exposed,N,,,
Plate6_B006,Ahumilis,A ten 128,Herald,Herald 1,29/2/20,3,11.6,7.959999822,16.94348,149.18565,Semi-exposed,N,,,
Plate6_B007,Ahumilis,A ten 144,Herald,Herald 1,29/2/20,4,11.6,7.959999822,16.94348,149.18565,Semi-exposed,N,,,
Plate6_C006,Ahumilis,A ten 131,Herald,Herald 1,29/2/20,4,11.6,7.959999822,16.94348,149.18565,Semi-exposed,N,,,
Plate6_C007,Ahumilis,A ten 146,Herald,Herald 1,29/2/20,5,12.3,7.959999822,16.94348,149.18565,Semi-exposed,N,,,
Plate6_D006,Ahumilis,A ten 132,Herald,Herald 1,29/2/20,5,11.6,7.959999822,16.94348,149.18565,Semi-exposed,N,,,
Plate6_E006,Ahumilis,A ten 133,Herald,Herald 1,29/2/20,1,7.7,7.959999822,16.94348,149.18565,Semi-exposed,N,,,
Plate6_F006,Ahumilis,A ten 134,Herald,Herald 1,29/2/20,3,7.1,7.959999822,16.94348,149.18565,Semi-exposed,N,,,
Plate6_G006,Ahumilis,A ten 137,Herald,Herald 1,29/2/20,3,8.7,7.959999822,16.94348,149.18565,Semi-exposed,N,,,
Plate6_H006,Ahumilis,A ten 138,Herald,Herald 1,29/2/20,5,12.6,7.959999822,16.94348,149.18565,Semi-exposed,N,,,
Plate7_F003,Ahumilis,A ten 130,Herald,Herald 1,29/2/20,4,12.6,7.959999822,16.94348,149.18565,Semi-exposed,N,,,
Plate7_G003,Ahumilis,A ten 136,Herald,Herald 1,29/2/20,2,10.0,7.959999822,16.94348,149.18565,Semi-exposed,N,,,
Plate1_A007,Unknown,P ver 200,Lihou,Lihou 1,4/3/20,4,6.45,7.719999827,17.59707,151.48956,Sheltered,NW,M4,,
Plate1_B007,Pverrucosa,P ver 201,Lihou,Lihou 1,4/3/20,4,6.13,7.719999827,17.59707,151.48956,Sheltered,NW,M2,,
Plate1_E006,Pverrucosa,P ver 193,Lihou,Lihou 1,4/3/20,4,7.42,7.719999827,17.59707,151.48956,Sheltered,NW,M1,,
Plate1_F006,Pverrucosa,P ver 194,Lihou,Lihou 1,4/3/20,4,7.74,7.719999827,17.59707,151.48956,Sheltered,NW,M2,,
Plate1_G006,Pverrucosa,P ver 195,Lihou,Lihou 1,4/3/20,4,6.45,7.719999827,17.59707,151.48956,Sheltered,NW,M2,,
Plate1_H006,Pmeandrina,P ver 198,Lihou,Lihou 1,4/3/20,3,4.84,7.719999827,17.59707,151.48956,Sheltered,NW,M3,,
Plate2_F006,Pverrucosa,P ver 196,Lihou,Lihou 1,4/3/20,4,3.87,7.719999827,17.59707,151.48956,Sheltered,NW,M2,,
Plate2_G006,Unknown,P ver 197,Lihou,Lihou 1,4/3/20,3,2.58,7.719999827,17.59707,151.48956,Sheltered,NW,M2,,
Plate2_H006,Pverrucosa,P ver 199,Lihou,Lihou 1,4/3/20,3,5.48,7.719999827,17.59707,151.48956,Sheltered,NW,M2,,
Plate4_D006,Pverrucosa,P ver 192,Lihou,Lihou 1,4/3/20,4,8.06,7.719999827,17.59707,151.48956,Sheltered,NW,M1,,
Plate5_A009,Ahumilis,A ten 181,Lihou,Lihou 1,4/3/20,4,7.1,7.719999827,17.59707,151.48956,Sheltered,NW,,,
Plate5_B009,Ahumilis,A ten 182,Lihou,Lihou 1,4/3/20,4,5.8,7.719999827,17.59707,151.48956,Sheltered,NW,,,
Plate5_C009,Ahumilis,A ten 183,Lihou,Lihou 1,4/3/20,5,9.0,7.719999827,17.59707,151.48956,Sheltered,NW,,,
Plate5_D009,Ahumilis,A ten 184,Lihou,Lihou 1,4/3/20,4,8.4,7.719999827,17.59707,151.48956,Sheltered,NW,,,
Plate5_F008,Ahumilis,A ten 174,Lihou,Lihou 1,4/3/20,5,5.5,7.719999827,17.59707,151.48956,Sheltered,NW,,,
Plate5_G008,Ahumilis,A ten 176,Lihou,Lihou 1,4/3/20,4,5.8,7.719999827,17.59707,151.48956,Sheltered,NW,,,
Plate5_H008,Ahumilis,A ten 179,Lihou,Lihou 1,4/3/20,5,7.4,7.719999827,17.59707,151.48956,Sheltered,NW,,,
Plate6_B008,Ahumilis,A ten 170,Lihou,Lihou 1,4/3/20,3,6.5,7.719999827,17.59707,151.48956,Sheltered,NW,,,
Plate6_C008,Ahumilis,A ten 177,Lihou,Lihou 1,4/3/20,4,6.1,7.719999827,17.59707,151.48956,Sheltered,NW,,,
Plate6_D008,Ahumilis,A ten 178,Lihou,Lihou 1,4/3/20,5,7.7,7.719999827,17.59707,151.48956,Sheltered,NW,,,
Plate7_C004,Ahumilis,A ten 169,Lihou,Lihou 1,4/3/20,2,6.5,7.719999827,17.59707,151.48956,Sheltered,NW,,,
Plate7_D004,Ahumilis,A ten 171,Lihou,Lihou 1,4/3/20,2,6.8,7.719999827,17.59707,151.48956,Sheltered,NW,,,
Plate7_E004,Ahumilis,A ten 172,Lihou,Lihou 1,4/3/20,4,8.1,7.719999827,17.59707,151.48956,Sheltered,NW,,,
Plate7_F004,Ahumilis,A ten 173,Lihou,Lihou 1,4/3/20,4,5.2,7.719999827,17.59707,151.48956,Sheltered,NW,,,
Plate7_G004,Ahumilis,A ten 175,Lihou,Lihou 1,4/3/20,4,5.5,7.719999827,17.59707,151.48956,Sheltered,NW,,,
Plate7_H004,Ahumilis,A ten 180,Lihou,Lihou 1,4/3/20,4,7.7,7.719999827,17.59707,151.48956,Sheltered,NW,,,
Plate1_A008,Pmeandrina,P ver 213,Lihou,Lihou 2,4/3/20,4,8.39,7.719999827,17.59065,151.50027,Sheltered,N,M2,,
Plate1_B008,Pmeandrina,P ver 216,Lihou,Lihou 2,4/3/20,2,10.32,7.719999827,17.59065,151.50027,Sheltered,N,M3,,
Plate1_C007,Pverrucosa,P ver 202,Lihou,Lihou 2,4/3/20,4,9.35,7.719999827,17.59065,151.50027,Sheltered,N,M1,,
Plate1_C008,Pverrucosa,P ver 218,Lihou,Lihou 2,4/3/20,2,5.81,7.719999827,17.59065,151.50027,Sheltered,N,M4,,
Plate1_D007,Pmeandrina,P ver 203,Lihou,Lihou 2,4/3/20,2,9.68,7.719999827,17.59065,151.50027,Sheltered,N,M1,,
Plate1_E007,Pverrucosa,P ver 206,Lihou,Lihou 2,4/3/20,3,7.10,7.719999827,17.59065,151.50027,Sheltered,N,M2,,
Plate1_F007,Pverrucosa,P ver 208,Lihou,Lihou 2,4/3/20,5,6.13,7.719999827,17.59065,151.50027,Sheltered,N,M1,,
Plate1_G007,Pmeandrina,P ver 211,Lihou,Lihou 2,4/3/20,3,10.00,7.719999827,17.59065,151.50027,Sheltered,N,M3,,
Plate1_H007,Pverrucosa,P ver 212,Lihou,Lihou 2,4/3/20,3,10.32,7.719999827,17.59065,151.50027,Sheltered,N,M2,,
Plate2_A007,Pverrucosa,P ver 207,Lihou,Lihou 2,4/3/20,3,8.39,7.719999827,17.59065,151.50027,Sheltered,N,M1,,
Plate2_B007,Unknown,P ver 209,Lihou,Lihou 2,4/3/20,4,6.13,7.719999827,17.59065,151.50027,Sheltered,N,M3,,
Plate2_C007,Unknown,P ver 214,Lihou,Lihou 2,4/3/20,3,10.65,7.719999827,17.59065,151.50027,Sheltered,N,M1,,
Plate2_D007,Pverrucosa,P ver 215,Lihou,Lihou 2,4/3/20,3,9.68,7.719999827,17.59065,151.50027,Sheltered,N,M3,,
Plate2_E007,Pverrucosa,P ver 219,Lihou,Lihou 2,4/3/20,2,9.68,7.719999827,17.59065,151.50027,Sheltered,N,M2,,
Plate3_E006,Pverrucosa,P ver 204,Lihou,Lihou 2,4/3/20,4,6.13,7.719999827,17.59065,151.50027,Sheltered,N,M3,,
Plate3_F006,Pverrucosa,P ver 210,Lihou,Lihou 2,4/3/20,6,8.06,7.719999827,17.59065,151.50027,Sheltered,N,M2,,
Plate3_G006,Pverrucosa,P ver 217,Lihou,Lihou 2,4/3/20,3,10.00,7.719999827,17.59065,151.50027,Sheltered,N,M3,,
Plate4_E006,Pmeandrina,P ver 205,Lihou,Lihou 2,4/3/20,5,7.42,7.719999827,17.59065,151.50027,Sheltered,N,M2,,
Plate5_A010,Ahumilis,A ten 194,Lihou,Lihou 2,4/3/20,6,6.1,7.719999827,17.59065,151.50027,Sheltered,N,,,
Plate5_B010,Ahumilis,A ten 197,Lihou,Lihou 2,4/3/20,4,10.3,7.719999827,17.59065,151.50027,Sheltered,N,,,
Plate5_C010,Ahumilis,A ten 198,Lihou,Lihou 2,4/3/20,4,10.6,7.719999827,17.59065,151.50027,Sheltered,N,,,
Plate5_E009,Ahumilis,A ten 187,Lihou,Lihou 2,4/3/20,3,9.0,7.719999827,17.59065,151.50027,Sheltered,N,,,
Plate5_F009,Ahumilis,A ten 188,Lihou,Lihou 2,4/3/20,1,7.7,7.719999827,17.59065,151.50027,Sheltered,N,,,
Plate5_G009,Ahumilis,A ten 192,Lihou,Lihou 2,4/3/20,4,8.4,7.719999827,17.59065,151.50027,Sheltered,N,,,
Plate5_H009,Ahumilis,A ten 193,Lihou,Lihou 2,4/3/20,3,10.3,7.719999827,17.59065,151.50027,Sheltered,N,,,
Plate6_E008,Ahumilis,A ten 185,Lihou,Lihou 2,4/3/20,4,7.4,7.719999827,17.59065,151.50027,Sheltered,N,,,
Plate6_F008,Ahumilis,A ten 189,Lihou,Lihou 2,4/3/20,3,7.1,7.719999827,17.59065,151.50027,Sheltered,N,,,
Plate6_G008,Ahumilis,A ten 191,Lihou,Lihou 2,4/3/20,2,9.4,7.719999827,17.59065,151.50027,Sheltered,N,,,
Plate7_A005,Ahumilis,A ten 186,Lihou,Lihou 2,4/3/20,3,9.0,7.719999827,17.59065,151.50027,Sheltered,N,,,
Plate7_B005,Ahumilis,A ten 190,Lihou,Lihou 2,4/3/20,5,9.0,7.719999827,17.59065,151.50027,Sheltered,N,,,
Plate7_C005,Ahumilis,A ten 195,Lihou,Lihou 2,4/3/20,1,10.0,7.719999827,17.59065,151.50027,Sheltered,N,,,
Plate7_D005,Ahumilis,A ten 196,Lihou,Lihou 2,4/3/20,5,10.6,7.719999827,17.59065,151.50027,Sheltered,N,,,
Plate7_E005,Ahumilis,A ten 199,Lihou,Lihou 2,4/3/20,4,10.6,7.719999827,17.59065,151.50027,Sheltered,N,,,
Plate7_F005,Ahumilis,A ten 200,Lihou,Lihou 2,4/3/20,2,8.1,7.719999827,17.59065,151.50027,Sheltered,N,,,
Plate1_A005,Pverrucosa,P ver 101,Marion,Marion 6,24/2/20,3,9.68,6.219999861,19.12125,152.39993,Exposed,SE,M2,,
Plate1_B005,Unknown,P ver 102,Marion,Marion 6,24/2/20,5,6.77,6.219999861,19.12125,152.39993,Exposed,SE,M4,,
Plate1_C005,Unknown,P ver 106,Marion,Marion 6,24/2/20,5,10.65,6.219999861,19.12125,152.39993,Exposed,SE,M1,,
Plate1_G004,Unknown,P ver 096,Marion,Marion 6,24/2/20,3,6.45,6.219999861,19.12125,152.39993,Exposed,SE,M1,,
Plate1_H004,Unknown,P ver 100,Marion,Marion 6,24/2/20,5,9.35,6.219999861,19.12125,152.39993,Exposed,SE,M2,,
Plate2_A004,Pmeandrina,P ver 092,Marion,Marion 6,24/2/20,3,5.16,6.219999861,19.12125,152.39993,Exposed,SE,M1,,
Plate2_B004,Pmeandrina,P ver 095,Marion,Marion 6,24/2/20,4,8.06,6.219999861,19.12125,152.39993,Exposed,SE,M1,,
Plate2_D004,Pmeandrina,P ver 097,Marion,Marion 6,24/2/20,5,6.45,6.219999861,19.12125,152.39993,Exposed,SE,M1,,
Plate2_E004,Pverrucosa,P ver 103,Marion,Marion 6,24/2/20,2,7.42,6.219999861,19.12125,152.39993,Exposed,SE,M1,,
Plate2_F004,Pmeandrina,P ver 104,Marion,Marion 6,24/2/20,5,10.00,6.219999861,19.12125,152.39993,Exposed,SE,M2,,
Plate2_G004,Pmeandrina,P ver 105,Marion,Marion 6,24/2/20,2,10.65,6.219999861,19.12125,152.39993,Exposed,SE,M2,,
Plate2_H004,Pmeandrina,P ver 112,Marion,Marion 6,24/2/20,3,9.68,6.219999861,19.12125,152.39993,Exposed,SE,M3,,
Plate3_A004,Pverrucosa,P ver 113,Marion,Marion 6,24/2/20,2,9.68,6.219999861,19.12125,152.39993,Exposed,SE,M2,,
Plate3_G003,Pmeandrina,P ver 091,Marion,Marion 6,24/2/20,5,3.87,6.219999861,19.12125,152.39993,Exposed,SE,M1,,
Plate3_H003,Pverrucosa,P ver 093,Marion,Marion 6,24/2/20,2,4.52,6.219999861,19.12125,152.39993,Exposed,SE,M1,,
Plate4_A002,Pverrucosa,P ver 098,Marion,Marion 6,24/2/20,2,6.45,6.219999861,19.12125,152.39993,Exposed,SE,M2,,
Plate4_B002,Pverrucosa,P ver 099,Marion,Marion 6,24/2/20,2,7.42,6.219999861,19.12125,152.39993,Exposed,SE,M2,,
Plate4_C002,Pmeandrina,P ver 107,Marion,Marion 6,24/2/20,3,8.06,6.219999861,19.12125,152.39993,Exposed,SE,M1,,
Plate4_D002,Pmeandrina,P ver 108,Marion,Marion 6,24/2/20,4,9.03,6.219999861,19.12125,152.39993,Exposed,SE,M2,,
Plate4_E002,Pverrucosa,P ver 109,Marion,Marion 6,24/2/20,3,8.06,6.219999861,19.12125,152.39993,Exposed,SE,M1,,
Plate4_F002,Pverrucosa,P ver 110,Marion,Marion 6,24/2/20,1,6.77,6.219999861,19.12125,152.39993,Exposed,SE,M2,,
Plate4_G002,Pverrucosa,P ver 111,Marion,Marion 6,24/2/20,5,9.68,6.219999861,19.12125,152.39993,Exposed,SE,M2,,
Plate4_H001,Unknown,P ver 094,Marion,Marion 6,24/2/20,1,4.84,6.219999861,19.12125,152.39993,Exposed,SE,M1,,
Plate5_A005,Ahumilis,A ten 088,Marion,Marion 6,24/2/20,5,9.7,6.219999861,19.12125,152.39993,Exposed,SE,,,
Plate5_B005,Ahumilis,A ten 089,Marion,Marion 6,24/2/20,4,8.4,6.219999861,19.12125,152.39993,Exposed,SE,,,
Plate5_C005,Ahumilis,A ten 090,Marion,Marion 6,24/2/20,4,10.6,6.219999861,19.12125,152.39993,Exposed,SE,,,
Plate5_D005,Ahumilis,A ten 091,Marion,Marion 6,24/2/20,4,10.0,6.219999861,19.12125,152.39993,Exposed,SE,,,
Plate5_E004,Ahumilis,A ten 084,Marion,Marion 6,24/2/20,4,6.1,6.219999861,19.12125,152.39993,Exposed,SE,,,
Plate5_E005,Ahumilis,A ten 092,Marion,Marion 6,24/2/20,3,9.7,6.219999861,19.12125,152.39993,Exposed,SE,,,
Plate5_F004,Ahumilis,A ten 085,Marion,Marion 6,24/2/20,4,4.8,6.219999861,19.12125,152.39993,Exposed,SE,,,
Plate5_F005,Ahumilis,A ten 094,Marion,Marion 6,24/2/20,2,6.5,6.219999861,19.12125,152.39993,Exposed,SE,,,
Plate5_G004,Ahumilis,A ten 086,Marion,Marion 6,24/2/20,4,3.5,6.219999861,19.12125,152.39993,Exposed,SE,,,
Plate5_G005,Ahumilis,A ten 095,Marion,Marion 6,24/2/20,5,9.7,6.219999861,19.12125,152.39993,Exposed,SE,,,
Plate5_H004,Ahumilis,A ten 087,Marion,Marion 6,24/2/20,5,6.8,6.219999861,19.12125,152.39993,Exposed,SE,,,
Plate6_A004,Ahumilis,A ten 083,Marion,Marion 6,24/2/20,3,9.7,6.219999861,19.12125,152.39993,Exposed,SE,,,
Plate6_B004,Ahumilis,A ten 093,Marion,Marion 6,24/2/20,3,9.4,6.219999861,19.12125,152.39993,Exposed,SE,,,
Plate6_C004,Ahumilis,A ten 096,Marion,Marion 6,24/2/20,5,10.0,6.219999861,19.12125,152.39993,Exposed,SE,,,
Plate6_D004,Ahumilis,A ten 097,Marion,Marion 6,24/2/20,4,9.7,6.219999861,19.12125,152.39993,Exposed,SE,,,
Plate1_E004,Pmeandrina,P ver 082,Marion,Marion 8,23/2/20,5,3.23,6.08,19.29981,152.23572,Exposed,S,M2,,
Plate1_F004,Unknown,P ver 086,Marion,Marion 8,23/2/20,3,3.55,6.08,19.29981,152.23572,Exposed,S,M1,,
Plate2_C004,Unknown,P ver 089,Marion,Marion 8,23/2/20,4,4.84,6.08,19.29981,152.23572,Exposed,S,M1,,
Plate2_G003,Unknown,P ver 085,Marion,Marion 8,23/2/20,2,4.52,6.08,19.29981,152.23572,Exposed,S,M2,,
Plate2_H003,Unknown,P ver 087,Marion,Marion 8,23/2/20,4,2.26,6.08,19.29981,152.23572,Exposed,S,M1,,
Plate3_D003,Pverrucosa,P ver 081,Marion,Marion 8,23/2/20,3,7.74,6.08,19.29981,152.23572,Exposed,S,M2,,
Plate3_E003,Pverrucosa,P ver 088,Marion,Marion 8,23/2/20,1,6.13,6.08,19.29981,152.23572,Exposed,S,M2,,
Plate3_F003,Pverrucosa,P ver 090,Marion,Marion 8,23/2/20,5,3.23,6.08,19.29981,152.23572,Exposed,S,M2,,
Plate4_F001,Pverrucosa,P ver 083,Marion,Marion 8,23/2/20,2,3.87,6.08,19.29981,152.23572,Exposed,S,M3,,
Plate4_G001,Pmeandrina,P ver 084,Marion,Marion 8,23/2/20,5,4.52,6.08,19.29981,152.23572,Exposed,S,M3,,
Plate5_A004,Ahumilis,A ten 073,Marion,Marion 8,23/2/20,5,8.4,6.08,19.29981,152.23572,Exposed,S,,,
Plate5_B003,Ahumilis,A ten 062,Marion,Marion 8,23/2/20,4,8.1,6.08,19.29981,152.23572,Exposed,S,,,
Plate5_B004,Ahumilis,A ten 076,Marion,Marion 8,23/2/20,3,6.5,6.08,19.29981,152.23572,Exposed,S,,,
Plate5_C003,Ahumilis,A ten 063,Marion,Marion 8,23/2/20,3,9.4,6.08,19.29981,152.23572,Exposed,S,,,
Plate5_C004,Ahumilis,A ten 081,Marion,Marion 8,23/2/20,5,4.2,6.08,19.29981,152.23572,Exposed,S,,,
Plate5_D003,Ahumilis,A ten 065,Marion,Marion 8,23/2/20,5,7.1,6.08,19.29981,152.23572,Exposed,S,,,
Plate5_D004,Ahumilis,A ten 082,Marion,Marion 8,23/2/20,5,3.9,6.08,19.29981,152.23572,Exposed,S,,,
Plate5_E003,Ahumilis,A ten 066,Marion,Marion 8,23/2/20,2,6.5,6.08,19.29981,152.23572,Exposed,S,,,
Plate5_F003,Ahumilis,A ten 067,Marion,Marion 8,23/2/20,3,5.5,6.08,19.29981,152.23572,Exposed,S,,,
Plate5_G003,Ahumilis,A ten 068,Marion,Marion 8,23/2/20,3,2.9,6.08,19.29981,152.23572,Exposed,S,,,
Plate5_H003,Ahumilis,A ten 070,Marion,Marion 8,23/2/20,5,4.5,6.08,19.29981,152.23572,Exposed,S,,,
Plate6_A003,Ahumilis,A ten 071,Marion,Marion 8,23/2/20,5,3.2,6.08,19.29981,152.23572,Exposed,S,,,
Plate6_B003,Ahumilis,A ten 072,Marion,Marion 8,23/2/20,2,3.9,6.08,19.29981,152.23572,Exposed,S,,,
Plate6_C003,Ahumilis,A ten 074,Marion,Marion 8,23/2/20,5,8.4,6.08,19.29981,152.23572,Exposed,S,,,
Plate6_D003,Ahumilis,A ten 075,Marion,Marion 8,23/2/20,5,6.5,6.08,19.29981,152.23572,Exposed,S,,,
Plate6_E003,Ahumilis,A ten 077,Marion,Marion 8,23/2/20,5,5.8,6.08,19.29981,152.23572,Exposed,S,,,
Plate6_F003,Ahumilis,A ten 078,Marion,Marion 8,23/2/20,4,5.2,6.08,19.29981,152.23572,Exposed,S,,,
Plate6_G003,Ahumilis,A ten 079,Marion,Marion 8,23/2/20,4,6.1,6.08,19.29981,152.23572,Exposed,S,,,
Plate6_H002,Ahumilis,A ten 069,Marion,Marion 8,23/2/20,3,3.5,6.08,19.29981,152.23572,Exposed,S,,,
Plate6_H003,Ahumilis,A ten 080,Marion,Marion 8,23/2/20,5,6.1,6.08,19.29981,152.23572,Exposed,S,,,
Plate7_B002,Ahumilis,A ten 064,Marion,Marion 8,23/2/20,5,7.7,6.08,19.29981,152.23572,Exposed,S,,,
Plate6_D009,Ahumilis,A ten 221,Moore,Moore 3,7/3/20,2,6.8,9.08,15.87737,149.15955,Semi-exposed,N,,,
Plate6_E009,Ahumilis,A ten 223,Moore,Moore 3,7/3/20,1,6.1,9.08,15.87737,149.15955,Semi-exposed,N,,,
Plate7_A006,Ahumilis,A ten 220,Moore,Moore 3,7/3/20,3,7.1,9.08,15.87737,149.15955,Semi-exposed,N,,,
Plate7_B006,Ahumilis,A ten 222,Moore,Moore 3,7/3/20,3,8.1,9.08,15.87737,149.15955,Semi-exposed,N,,,
Plate7_C006,Ahumilis,A ten 224,Moore,Moore 3,7/3/20,4,7.1,9.08,15.87737,149.15955,Semi-exposed,N,,,
Plate7_D006,Ahumilis,A ten 225,Moore,Moore 3,7/3/20,1,9.4,9.08,15.87737,149.15955,Semi-exposed,N,,,
Plate7_E006,Ahumilis,A ten 226,Moore,Moore 3,7/3/20,2,9.0,9.08,15.87737,149.15955,Semi-exposed,N,,,
Plate1_G009,Pverrucosa,P ver 270,Moore,Moore 4,7/3/20,3,5.16,9.09,15.96481,149.19427,Sheltered,W,M1,,
Plate2_A010,Pmeandrina,P ver 271,Moore,Moore 4,7/3/20,5,3.55,9.09,15.96481,149.19427,Sheltered,W,M1,,
Plate2_C009,Pverrucosa,P ver 262,Moore,Moore 4,7/3/20,5,9.35,9.09,15.96481,149.19427,Sheltered,W,M1,,
Plate2_D009,Unknown,P ver 263,Moore,Moore 4,7/3/20,1,9.00,9.09,15.96481,149.19427,Sheltered,W,M2,,
Plate2_E009,Pverrucosa,P ver 264,Moore,Moore 4,7/3/20,4,7.74,9.09,15.96481,149.19427,Sheltered,W,M2,,
Plate2_F009,Pmeandrina,P ver 265,Moore,Moore 4,7/3/20,5,9.03,9.09,15.96481,149.19427,Sheltered,W,M2,,
Plate2_G009,Pmeandrina,P ver 266,Moore,Moore 4,7/3/20,2,6.45,9.09,15.96481,149.19427,Sheltered,W,M2,,
Plate2_H009,Unknown,P ver 267,Moore,Moore 4,7/3/20,3,7.10,9.09,15.96481,149.19427,Sheltered,W,M2,,
Plate3_G008,Pverrucosa,P ver 268,Moore,Moore 4,7/3/20,4,7.10,9.09,15.96481,149.19427,Sheltered,W,M2,,
Plate3_H008,Unknown,P ver 272,Moore,Moore 4,7/3/20,6,3.20,9.09,15.96481,149.19427,Sheltered,W,M3,,
Plate4_A007,Pverrucosa,P ver 269,Moore,Moore 4,7/3/20,5,9.03,9.09,15.96481,149.19427,Sheltered,W,M2,,
Plate5_A011,Ahumilis,A ten 216,Moore,Moore 4,7/3/20,6,8.7,9.09,15.96481,149.19427,Sheltered,W,,,
Plate5_B011,Ahumilis,A ten 218,Moore,Moore 4,7/3/20,4,9.0,9.09,15.96481,149.19427,Sheltered,W,,,
Plate5_F010,Ahumilis,A ten 211,Moore,Moore 4,7/3/20,3,9.4,9.09,15.96481,149.19427,Sheltered,W,,,
Plate5_G010,Ahumilis,A ten 214,Moore,Moore 4,7/3/20,4,8.1,9.09,15.96481,149.19427,Sheltered,W,,,
Plate5_H010,Ahumilis,A ten 215,Moore,Moore 4,7/3/20,2,6.8,9.09,15.96481,149.19427,Sheltered,W,,,
Plate6_A009,Ahumilis,A ten 212,Moore,Moore 4,7/3/20,4,9.0,9.09,15.96481,149.19427,Sheltered,W,,,
Plate6_B009,Ahumilis,A ten 213,Moore,Moore 4,7/3/20,3,10.0,9.09,15.96481,149.19427,Sheltered,W,,,
Plate6_C009,Ahumilis,A ten 217,Moore,Moore 4,7/3/20,3,9.7,9.09,15.96481,149.19427,Sheltered,W,,,
Plate7_H005,Ahumilis,A ten 219,Moore,Moore 4,7/3/20,4,7.7,9.09,15.96481,149.19427,Sheltered,W,,,
Plate1_E009,Pmeandrina,P ver 246,Moore,Moore 5,7/3/20,5,10.65,9,15.97315,149.35715,Exposed,E,M2,,
Plate1_F009,Pmeandrina,P ver 251,Moore,Moore 5,7/3/20,4,10.97,9,15.97315,149.35715,Exposed,E,M2,,
Plate2_A009,Pmeandrina,P ver 260,Moore,Moore 5,7/3/20,1,14.19,9,15.97315,149.35715,Exposed,E,M3,,
Plate2_B009,Pverrucosa,P ver 261,Moore,Moore 5,7/3/20,5,14.19,9,15.97315,149.35715,Exposed,E,M1,,
Plate2_F008,Pmeandrina,P ver 249,Moore,Moore 5,7/3/20,3,10.65,9,15.97315,149.35715,Exposed,E,M2,,
Plate2_G008,Pmeandrina,P ver 254,Moore,Moore 5,7/3/20,5,9.03,9,15.97315,149.35715,Exposed,E,M1,,
Plate2_H008,Pmeandrina,P ver 258,Moore,Moore 5,7/3/20,3,10.97,9,15.97315,149.35715,Exposed,E,M3,,
Plate3_A008,Pmeandrina,P ver 252,Moore,Moore 5,7/3/20,2,10.65,9,15.97315,149.35715,Exposed,E,M2,,
Plate3_B008,Pmeandrina,P ver 253,Moore,Moore 5,7/3/20,1,10.00,9,15.97315,149.35715,Exposed,E,M2,,
Plate3_C008,Pmeandrina,P ver 255,Moore,Moore 5,7/3/20,4,6.77,9,15.97315,149.35715,Exposed,E,M1,,
Plate3_D008,Unknown,P ver 256,Moore,Moore 5,7/3/20,1,6.77,9,15.97315,149.35715,Exposed,E,M1,,
Plate3_E008,Unknown,P ver 257,Moore,Moore 5,7/3/20,2,11.29,9,15.97315,149.35715,Exposed,E,M2,,
Plate3_F007,Pmeandrina,P ver 247,Moore,Moore 5,7/3/20,5,10.00,9,15.97315,149.35715,Exposed,E,M2,,
Plate3_F008,Unknown,P ver 259,Moore,Moore 5,7/3/20,3,9.68,9,15.97315,149.35715,Exposed,E,M2,,
Plate3_G007,Pmeandrina,P ver 248,Moore,Moore 5,7/3/20,1,10.00,9,15.97315,149.35715,Exposed,E,M2,,
Plate3_H007,Unknown,P ver 250,Moore,Moore 5,7/3/20,5,10.65,9,15.97315,149.35715,Exposed,E,M2,,
Plate4_G006,Pverrucosa,P ver 244,Moore,Moore 5,7/3/20,2,10.97,9,15.97315,149.35715,Exposed,E,M1,,
Plate4_H006,Pmeandrina,P ver 245,Moore,Moore 5,7/3/20,4,10.32,9,15.97315,149.35715,Exposed,E,M3,,
Plate5_D010,Ahumilis,A ten 207,Moore,Moore 5,7/3/20,5,13.9,9,15.97315,149.35715,Exposed,E,,,
Plate5_E010,Ahumilis,A ten 210,Moore,Moore 5,7/3/20,5,11.3,9,15.97315,149.35715,Exposed,E,,,
Plate6_H008,Ahumilis,A ten 209,Moore,Moore 5,7/3/20,4,11.6,9,15.97315,149.35715,Exposed,E,,,
Plate7_G005,Ahumilis,A ten 208,Moore,Moore 5,7/3/20,3,6.5,9,15.97315,149.35715,Exposed,E,,,
Plate1_A012,Pverrucosa,P ver 392,Osprey,Osprey 6,11/3/20,4,6.77,8.719999805,13.88078,146.55881,Sheltered,S,M2,,
Plate1_B012,Pmeandrina,P ver 394,Osprey,Osprey 6,11/3/20,4,6.77,8.719999805,13.88078,146.55881,Sheltered,S,M3,,
Plate1_C011,Pverrucosa,P ver 385,Osprey,Osprey 6,11/3/20,3,7.42,8.719999805,13.88078,146.55881,Sheltered,S,M3,,
Plate1_C012,Pverrucosa,P ver 395,Osprey,Osprey 6,11/3/20,3,8.71,8.719999805,13.88078,146.55881,Sheltered,S,M3,,
Plate1_D011,Pverrucosa,P ver 386,Osprey,Osprey 6,11/3/20,5,10.97,8.719999805,13.88078,146.55881,Sheltered,S,M4,,
Plate1_D012,Pverrucosa,P ver 397,Osprey,Osprey 6,11/3/20,4,7.42,8.719999805,13.88078,146.55881,Sheltered,S,M2,,
Plate1_E011,Pmeandrina,P ver 387,Osprey,Osprey 6,11/3/20,5,8.71,8.719999805,13.88078,146.55881,Sheltered,S,M3,,
Plate1_E012,Pmeandrina,P ver 398,Osprey,Osprey 6,11/3/20,4,6.13,8.719999805,13.88078,146.55881,Sheltered,S,M3,,
Plate1_F011,Pverrucosa,P ver 389,Osprey,Osprey 6,11/3/20,4,8.71,8.719999805,13.88078,146.55881,Sheltered,S,M3,,
Plate1_F012,Pverrucosa,P ver 399,Osprey,Osprey 6,11/3/20,5,4.84,8.719999805,13.88078,146.55881,Sheltered,S,M3,,
Plate1_G011,Pverrucosa,P ver 390,Osprey,Osprey 6,11/3/20,5,7.10,8.719999805,13.88078,146.55881,Sheltered,S,M3,,
Plate1_H011,Pmeandrina,P ver 391,Osprey,Osprey 6,11/3/20,3,9.03,8.719999805,13.88078,146.55881,Sheltered,S,M3,,
Plate2_F012,Pverrucosa,P ver 393,Osprey,Osprey 6,11/3/20,3,7.10,8.719999805,13.88078,146.55881,Sheltered,S,M3,,
Plate3_E012,Pverrucosa,P ver 388,Osprey,Osprey 6,11/3/20,6,7.42,8.719999805,13.88078,146.55881,Sheltered,S,M3,,
Plate3_F012,Pverrucosa,P ver 396,Osprey,Osprey 6,11/3/20,3,7.74,8.719999805,13.88078,146.55881,Sheltered,S,M4,,
Plate5_E012,Ahumilis,A ten 299,Osprey,Osprey 6,11/3/20,4,6.8,8.719999805,13.88078,146.55881,Sheltered,S,,,
Plate5_F012,Ahumilis,A ten 301,Osprey,Osprey 6,11/3/20,5,6.1,8.719999805,13.88078,146.55881,Sheltered,S,,,
Plate6_A012,Ahumilis,A ten 294,Osprey,Osprey 6,11/3/20,5,7.7,8.719999805,13.88078,146.55881,Sheltered,S,,,
Plate6_B012,Ahumilis,A ten 295,Osprey,Osprey 6,11/3/20,5,8.1,8.719999805,13.88078,146.55881,Sheltered,S,,,
Plate6_C012,Ahumilis,A ten 297,Osprey,Osprey 6,11/3/20,4,9.7,8.719999805,13.88078,146.55881,Sheltered,S,,,
Plate6_D012,Ahumilis,A ten 298,Osprey,Osprey 6,11/3/20,6,9.0,8.719999805,13.88078,146.55881,Sheltered,S,,,
Plate6_E012,Ahumilis,A ten 300,Osprey,Osprey 6,11/3/20,5,5.8,8.719999805,13.88078,146.55881,Sheltered,S,,,
Plate6_F012,Ahumilis,A ten 305,Osprey,Osprey 6,11/3/20,5,7.1,8.719999805,13.88078,146.55881,Sheltered,S,,,
Plate6_H011,Ahumilis,A ten 292,Osprey,Osprey 6,11/3/20,6,10.3,8.719999805,13.88078,146.55881,Sheltered,S,,,
Plate7_A010,Ahumilis,A ten 303,Osprey,Osprey 6,11/3/20,3,7.1,8.719999805,13.88078,146.55881,Sheltered,S,,,
Plate7_B010,Ahumilis,A ten 304,Osprey,Osprey 6,11/3/20,5,10.0,8.719999805,13.88078,146.55881,Sheltered,S,,,
Plate7_F009,Ahumilis,A ten 293,Osprey,Osprey 6,11/3/20,4,8.1,8.719999805,13.88078,146.55881,Sheltered,S,,,
Plate7_G009,Ahumilis,A ten 296,Osprey,Osprey 6,11/3/20,5,8.1,8.719999805,13.88078,146.55881,Sheltered,S,,,
Plate7_H009,Ahumilis,A ten 302,Osprey,Osprey 6,11/3/20,5,5.5,8.719999805,13.88078,146.55881,Sheltered,S,,,
Plate4_B007,Pmeandrina,P ver 273,Moore,Moore 3,7/3/20,1,5.48,9.08,15.87737,149.15955,Semi-exposed,N,M2,,
Plate2_B010,Pverrucosa,P ver 274,Moore,Moore 3,7/3/20,4,6.77,9.08,15.87737,149.15955,Semi-exposed,N,M1,,
Plate3_A009,Pmeandrina,P ver 275,Moore,Moore 3,7/3/20,4,7.10,9.08,15.87737,149.15955,Semi-exposed,N,M3,,
Plate3_B009,Pmeandrina,P ver 276,Moore,Moore 3,7/3/20,1,7.10,9.08,15.87737,149.15955,Semi-exposed,N,M3,,
Plate3_C009,Pmeandrina,P ver 277,Moore,Moore 3,7/3/20,4,6.45,9.08,15.87737,149.15955,Semi-exposed,N,M1,,
Plate3_D009,Pverrucosa,P ver 278,Moore,Moore 3,7/3/20,3,7.74,9.08,15.87737,149.15955,Semi-exposed,N,M1,,
Plate2_C010,Pverrucosa,P ver 279,Moore,Moore 3,7/3/20,4,8.06,9.08,15.87737,149.15955,Semi-exposed,N,M1,,
Plate2_D010,Unknown,P ver 280,Moore,Moore 3,7/3/20,4,6.45,9.08,15.87737,149.15955,Semi-exposed,N,M3,,
Plate1_A001,Pmeandrina,P ver 001,Saumarez,Saumarez 3,18/2/20,3,5.9,5.49999988,21.91780,153.58452,Sheltered,NW,M1,,
Plate1_A002,Pmeandrina,P ver 013,Saumarez,Saumarez 3,18/2/20,5,5,5.49999988,21.91780,153.58452,Sheltered,NW,M1,,
Plate1_B001,Pmeandrina,P ver 003,Saumarez,Saumarez 3,18/2/20,4,4.2,5.49999988,21.91780,153.58452,Sheltered,NW,M2,,
Plate1_B002,Pmeandrina,P ver 015,Saumarez,Saumarez 3,18/2/20,5,7.4,5.49999988,21.91780,153.58452,Sheltered,NW,M1,,
Plate1_C001,Pmeandrina,P ver 004,Saumarez,Saumarez 3,18/2/20,4,3.5,5.49999988,21.91780,153.58452,Sheltered,NW,M3,,
Plate1_D001,Pmeandrina,P ver 005,Saumarez,Saumarez 3,18/2/20,5,4,5.49999988,21.91780,153.58452,Sheltered,NW,M2,,
Plate1_E001,Pmeandrina,P ver 006,Saumarez,Saumarez 3,18/2/20,5,3.2,5.49999988,21.91780,153.58452,Sheltered,NW,M4,,
Plate1_F001,Unknown,P ver 007,Saumarez,Saumarez 3,18/2/20,5,4.5,5.49999988,21.91780,153.58452,Sheltered,NW,M2,,
Plate1_G001,Pmeandrina,P ver 008,Saumarez,Saumarez 3,18/2/20,5,4.2,5.49999988,21.91780,153.58452,Sheltered,NW,M2,,
Plate1_H001,Unknown,P ver 012,Saumarez,Saumarez 3,18/2/20,4,5.4,5.49999988,21.91780,153.58452,Sheltered,NW,M3,,
Plate2_A001,Pmeandrina,P ver 002,Saumarez,Saumarez 3,18/2/20,5,3.9,5.49999988,21.91780,153.58452,Sheltered,NW,M2,,
Plate2_B001,Pmeandrina,P ver 009,Saumarez,Saumarez 3,18/2/20,5,4.6,5.49999988,21.91780,153.58452,Sheltered,NW,M2,,
Plate2_C001,Pmeandrina,P ver 010,Saumarez,Saumarez 3,18/2/20,5,4.7,5.49999988,21.91780,153.58452,Sheltered,NW,M2,,
Plate2_D001,Pmeandrina,P ver 011,Saumarez,Saumarez 3,18/2/20,6,6.3,5.49999988,21.91780,153.58452,Sheltered,NW,M3,,
Plate2_E001,Pmeandrina,P ver 014,Saumarez,Saumarez 3,18/2/20,6,7.3,5.49999988,21.91780,153.58452,Sheltered,NW,M1,,
Plate1_C002,Pmeandrina,P ver 016,Saumarez,Saumarez 7,18/2/20,2,5,5.49999988,21.91194,153.59119,Sheltered,NW,M3,,
Plate1_D002,Unknown,P ver 018,Saumarez,Saumarez 7,18/2/20,4,2.8,5.49999988,21.91194,153.59119,Sheltered,NW,M3,,
Plate1_E002,Pmeandrina,P ver 023,Saumarez,Saumarez 7,18/2/20,4,2.5,5.49999988,21.91194,153.59119,Sheltered,NW,M3,,
Plate1_F002,Pmeandrina,P ver 025,Saumarez,Saumarez 7,18/2/20,4,3.2,5.49999988,21.91194,153.59119,Sheltered,NW,M1,,
Plate2_A002,Pmeandrina,P ver 024,Saumarez,Saumarez 7,18/2/20,4,3.2,5.49999988,21.91194,153.59119,Sheltered,NW,M2,,
Plate2_F001,Pmeandrina,P ver 017,Saumarez,Saumarez 7,18/2/20,5,3.9,5.49999988,21.91194,153.59119,Sheltered,NW,M2,,
Plate2_G001,Unknown,P ver 021,Saumarez,Saumarez 7,18/2/20,5,2.3,5.49999988,21.91194,153.59119,Sheltered,NW,M3,,
Plate2_H001,Pmeandrina,P ver 022,Saumarez,Saumarez 7,18/2/20,3,2,5.49999988,21.91194,153.59119,Sheltered,NW,M2,,
Plate3_A001,Pmeandrina,P ver 019,Saumarez,Saumarez 7,18/2/20,5,2.9,5.49999988,21.91194,153.59119,Sheltered,NW,M1,,
Plate3_B001,Pmeandrina,P ver 020,Saumarez,Saumarez 7,18/2/20,4,3.3,5.49999988,21.91194,153.59119,Sheltered,NW,M1,,
Plate3_C001,Unknown,P ver 027,Saumarez,Saumarez 7,18/2/20,3,2,5.49999988,21.91194,153.59119,Sheltered,NW,M1,,
Plate3_D001,Unknown,P ver 028,Saumarez,Saumarez 7,18/2/20,3,2,5.49999988,21.91194,153.59119,Sheltered,NW,M1,,
Plate4_A001,Pmeandrina,P ver 026,Saumarez,Saumarez 7,18/2/20,3,2.5,5.49999988,21.91194,153.59119,Sheltered,NW,M2,,
Plate1_A009,Pmeandrina,P ver 236,Willis,Willis 7,6/3/20,5,3.23,9.6,16.28728,149.95930,Sheltered,W,M3,,
Plate1_B009,Pmeandrina,P ver 238,Willis,Willis 7,6/3/20,5,3.55,9.6,16.28728,149.95930,Sheltered,W,M2,,
Plate1_C009,Pmeandrina,P ver 239,Willis,Willis 7,6/3/20,2,3.23,9.6,16.28728,149.95930,Sheltered,W,M3,,
Plate1_D008,Pmeandrina,P ver 221,Willis,Willis 7,6/3/20,2,6.45,9.6,16.28728,149.95930,Sheltered,W,M2,,
Plate1_D009,Pverrucosa,P ver 241,Willis,Willis 7,6/3/20,6,8.06,9.6,16.28728,149.95930,Sheltered,W,M3,,
Plate1_E008,Pverrucosa,P ver 222,Willis,Willis 7,6/3/20,4,5.48,9.6,16.28728,149.95930,Sheltered,W,M2,,
Plate1_F008,Pverrucosa,P ver 224,Willis,Willis 7,6/3/20,3,4.19,9.6,16.28728,149.95930,Sheltered,W,M3,,
Plate1_G008,Pverrucosa,P ver 225,Willis,Willis 7,6/3/20,4,5.81,9.6,16.28728,149.95930,Sheltered,W,M3,,
Plate1_H008,Pmeandrina,P ver 232,Willis,Willis 7,6/3/20,3,3.87,9.6,16.28728,149.95930,Sheltered,W,M2,,
Plate2_A008,Pmeandrina,P ver 234,Willis,Willis 7,6/3/20,1,2.58,9.6,16.28728,149.95930,Sheltered,W,M3,,
Plate2_B008,Pverrucosa,P ver 235,Willis,Willis 7,6/3/20,4,2.90,9.6,16.28728,149.95930,Sheltered,W,M2,,
Plate2_C008,Pmeandrina,P ver 237,Willis,Willis 7,6/3/20,4,1.29,9.6,16.28728,149.95930,Sheltered,W,M3,,
Plate2_D008,Pmeandrina,P ver 240,Willis,Willis 7,6/3/20,3,4.19,9.6,16.28728,149.95930,Sheltered,W,M2,,
Plate2_E008,Pverrucosa,P ver 242,Willis,Willis 7,6/3/20,3,7.74,9.6,16.28728,149.95930,Sheltered,W,M2,,
Plate2_F007,Pverrucosa,P ver 223,Willis,Willis 7,6/3/20,5,6.13,9.6,16.28728,149.95930,Sheltered,W,M2,,
Plate2_G007,Unknown,P ver 229,Willis,Willis 7,6/3/20,4,6.45,9.6,16.28728,149.95930,Sheltered,W,M2,,
Plate2_H007,Pmeandrina,P ver 233,Willis,Willis 7,6/3/20,1,4.84,9.6,16.28728,149.95930,Sheltered,W,M3,,
Plate3_A007,Pverrucosa,P ver 227,Willis,Willis 7,6/3/20,3,8.06,9.6,16.28728,149.95930,Sheltered,W,M3,,
Plate3_B007,Pverrucosa,P ver 228,Willis,Willis 7,6/3/20,3,8.06,9.6,16.28728,149.95930,Sheltered,W,M2,,
Plate3_C007,Pverrucosa,P ver 230,Willis,Willis 7,6/3/20,5,5.48,9.6,16.28728,149.95930,Sheltered,W,M2,,
Plate3_D007,Pverrucosa,P ver 231,Willis,Willis 7,6/3/20,2,6.13,9.6,16.28728,149.95930,Sheltered,W,M2,,
Plate3_E007,Pverrucosa,P ver 243,Willis,Willis 7,6/3/20,2,15.81,9.6,16.28728,149.95930,Sheltered,W,M2,,
Plate3_H006,Pverrucosa,P ver 226,Willis,Willis 7,6/3/20,5,7.10,9.6,16.28728,149.95930,Sheltered,W,M2,,
Plate4_F006,Pverrucosa,P ver 220,Willis,Willis 7,6/3/20,3,6.45,9.6,16.28728,149.95930,Sheltered,W,M3,,
Plate1_A003,Pmeandrina,P ver 039,Wreck,Wreck 1,20/2/20,4,2.9,5.52999988,22.19267,155.33405,Sheltered,NW,M1,,
Plate1_B003,Pverrucosa,P ver 040,Wreck,Wreck 1,20/2/20,4,4.8,5.52999988,22.19267,155.33405,Sheltered,NW,M2,,
Plate1_C003,Unknown,P ver 041,Wreck,Wreck 1,20/2/20,5,9.4,5.52999988,22.19267,155.33405,Sheltered,NW,M4,,
Plate1_D003,Pmeandrina,P ver 043,Wreck,Wreck 1,20/2/20,3,9.0,5.52999988,22.19267,155.33405,Sheltered,NW,M1,,
Plate1_E003,Pmeandrina,P ver 044,Wreck,Wreck 1,20/2/20,5,6.5,5.52999988,22.19267,155.33405,Sheltered,NW,M2,,
Plate1_G002,Pmeandrina,P ver 035,Wreck,Wreck 1,20/2/20,4,4.8,5.52999988,22.19267,155.33405,Sheltered,NW,M2,,
Plate1_H002,Pmeandrina,P ver 037,Wreck,Wreck 1,20/2/20,5,6.5,5.52999988,22.19267,155.33405,Sheltered,NW,M1,,
Plate2_D002,Unknown,P ver 034,Wreck,Wreck 1,20/2/20,4,5.5,5.52999988,22.19267,155.33405,Sheltered,NW,M2,,
Plate2_E002,Pverrucosa,P ver 036,Wreck,Wreck 1,20/2/20,5,8.1,5.52999988,22.19267,155.33405,Sheltered,NW,M1,,
Plate2_F002,Unknown,P ver 038,Wreck,Wreck 1,20/2/20,4,4.5,5.52999988,22.19267,155.33405,Sheltered,NW,M1,,
Plate3_A002,Pverrucosa,P ver 045,Wreck,Wreck 1,20/2/20,3,8.4,5.52999988,22.19267,155.33405,Sheltered,NW,M1,,
Plate3_B002,Pverrucosa,P ver 046,Wreck,Wreck 1,20/2/20,3,8.1,5.52999988,22.19267,155.33405,Sheltered,NW,M1,,
Plate3_H001,Pmeandrina,P ver 042,Wreck,Wreck 1,20/2/20,5,11.3,5.52999988,22.19267,155.33405,Sheltered,NW,M1,,
Plate5_B001,Ahumilis,A ten 020,Wreck,Wreck 1,20/2/20,5,4.8,5.529999876,22.19267,155.33405,Sheltered,NW,,,
Plate5_C001,Ahumilis,A ten 023,Wreck,Wreck 1,20/2/20,5,6.1,5.529999876,22.19267,155.33405,Sheltered,NW,,,
Plate5_D001,Ahumilis,A ten 024,Wreck,Wreck 1,20/2/20,4,5.8,5.529999876,22.19267,155.33405,Sheltered,NW,,,
Plate5_E001,Ahumilis,A ten 025,Wreck,Wreck 1,20/2/20,5,9.4,5.529999876,22.19267,155.33405,Sheltered,NW,,,
Plate5_F001,Ahumilis,A ten 026,Wreck,Wreck 1,20/2/20,5,11.0,5.529999876,22.19267,155.33405,Sheltered,NW,,,
Plate5_G001,Ahumilis,A ten 027,Wreck,Wreck 1,20/2/20,4,11.3,5.529999876,22.19267,155.33405,Sheltered,NW,,,
Plate5_H001,Ahumilis,A ten 030,Wreck,Wreck 1,20/2/20,3,8.4,5.529999876,22.19267,155.33405,Sheltered,NW,,,
Plate6_C001,Ahumilis,A ten 019,Wreck,Wreck 1,20/2/20,4,4.5,5.529999876,22.19267,155.33405,Sheltered,NW,,,
Plate6_D001,Ahumilis,A ten 021,Wreck,Wreck 1,20/2/20,5,6.5,5.529999876,22.19267,155.33405,Sheltered,NW,,,
Plate6_E001,Ahumilis,A ten 028,Wreck,Wreck 1,20/2/20,5,7.1,5.529999876,22.19267,155.33405,Sheltered,NW,,,
Plate7_E001,Ahumilis,A ten 022,Wreck,Wreck 1,20/2/20,5,4.5,5.529999876,22.19267,155.33405,Sheltered,NW,,,
Plate7_F001,Ahumilis,A ten 029,Wreck,Wreck 1,20/2/20,5,6.8,5.529999876,22.19267,155.33405,Sheltered,NW,,,
Plate2_B002,Pverrucosa,P ver 030,Wreck,Wreck 2,20/2/20,3,6.1,5.84999987,22.17814,155.17674,Sheltered,W,M1,,
Plate2_C002,Unknown,P ver 032,Wreck,Wreck 2,20/2/20,4,3.2,5.84999987,22.17814,155.17674,Sheltered,W,M1,,
Plate3_E001,Pmeandrina,P ver 029,Wreck,Wreck 2,20/2/20,5,7.1,5.84999987,22.17814,155.17674,Sheltered,W,M1,,
Plate3_F001,Pmeandrina,P ver 031,Wreck,Wreck 2,20/2/20,4,1.9,5.84999987,22.17814,155.17674,Sheltered,W,M1,,
Plate3_G001,Pverrucosa,P ver 033,Wreck,Wreck 2,20/2/20,4,4.2,5.84999987,22.17814,155.17674,Sheltered,W,M1,,
Plate5_A001,Ahumilis,A ten 018,Wreck,Wreck 2,20/2/20,4,5.8,5.849999869,22.17814,155.17674,Sheltered,W,,,
Plate6_A001,Ahumilis,A ten 012,Wreck,Wreck 2,20/2/20,5,6.5,5.849999869,22.17814,155.17674,Sheltered,W,,,
Plate6_B001,Ahumilis,A ten 013,Wreck,Wreck 2,20/2/20,5,7.7,5.849999869,22.17814,155.17674,Sheltered,W,,,
Plate7_A001,Ahumilis,A ten 014,Wreck,Wreck 2,20/2/20,5,8.4,5.849999869,22.17814,155.17674,Sheltered,W,,,
Plate7_B001,Ahumilis,A ten 015,Wreck,Wreck 2,20/2/20,4,8.7,5.849999869,22.17814,155.17674,Sheltered,W,,,
Plate7_C001,Ahumilis,A ten 016,Wreck,Wreck 2,20/2/20,4,2.9,5.849999869,22.17814,155.17674,Sheltered,W,,,
Plate7_D001,Ahumilis,A ten 017,Wreck,Wreck 2,20/2/20,3,6.8,5.849999869,22.17814,155.17674,Sheltered,W,,,
Plate1_F003,Pmeandrina,P ver 049,Wreck,Wreck 4,20/2/20,5,6.5,5.73999987,22.16968,155.47392,Sheltered,NE,M1,,
Plate1_G003,Unknown,P ver 052,Wreck,Wreck 4,20/2/20,4,6.8,5.73999987,22.16968,155.47392,Sheltered,NE,M1,,
Plate2_G002,Pmeandrina,P ver 051,Wreck,Wreck 4,20/2/20,4,5.2,5.73999987,22.16968,155.47392,Sheltered,NE,M1,,
Plate2_H002,Pmeandrina,P ver 054,Wreck,Wreck 4,20/2/20,5,9,5.73999987,22.16968,155.47392,Sheltered,NE,M3,,
Plate3_C002,Pmeandrina,P ver 047,Wreck,Wreck 4,20/2/20,3,8.1,5.73999987,22.16968,155.47392,Sheltered,NE,M2,,
Plate3_D002,Pmeandrina,P ver 048,Wreck,Wreck 4,20/2/20,4,10.0,5.73999987,22.16968,155.47392,Sheltered,NE,M1,,
Plate3_E002,Unknown,P ver 053,Wreck,Wreck 4,20/2/20,5,9.7,5.73999987,22.16968,155.47392,Sheltered,NE,M2,,
Plate4_B001,Unknown,P ver 050,Wreck,Wreck 4,20/2/20,4,6.1,5.73999987,22.16968,155.47392,Sheltered,NE,M1,,
Plate5_A002,Ahumilis,A ten 031,Wreck,Wreck 4,20/2/20,4,11.0,5.739999872,22.16968,155.47392,Sheltered,NE,,,
Plate5_B002,Ahumilis,A ten 032,Wreck,Wreck 4,20/2/20,4,9.4,5.739999872,22.16968,155.47392,Sheltered,NE,,,
Plate6_F001,Ahumilis,A ten 034,Wreck,Wreck 4,20/2/20,5,10.0,5.739999872,22.16968,155.47392,Sheltered,NE,,,
Plate6_G001,Ahumilis,A ten 035,Wreck,Wreck 4,20/2/20,5,12.3,5.739999872,22.16968,155.47392,Sheltered,NE,,,
Plate7_G001,Ahumilis,A ten 033,Wreck,Wreck 4,20/2/20,4,12.9,5.739999872,22.16968,155.47392,Sheltered,NE,,,